suburb,Education,Commercial,Environment,Medication,Secrity,Industrial,Prison,Transportation
MOUNT CLEAR,4,0,2,0,0,0,0,0
VIEWBANK,5,0,6,1,0,0,0,26
DEVON NORTH,2,0,1,0,0,0,0,0
SAN REMO,3,0,6,0,0,0,0,0
BEAUMARIS,12,1,5,1,1,0,0,59
SANDRINGHAM,12,1,5,2,1,0,0,45
GLENROY,18,1,12,1,1,0,0,89
SUNSHINE NORTH,11,0,4,1,1,0,0,44
SUNSHINE WEST,17,0,8,1,0,0,0,87
ECHUCA,15,3,5,2,1,0,0,0
BERWICK,32,2,18,3,1,0,0,210
OFFICER,12,0,0,0,0,0,0,18
MARYBOROUGH,14,2,16,1,1,0,0,0
COLAC,14,1,4,3,1,0,0,0
MOE,14,1,5,1,1,0,0,0
NEWBOROUGH,10,1,5,2,0,0,0,0
VERMONT SOUTH,11,1,2,0,0,0,0,51
WARRNAMBOOL,34,3,23,6,1,0,0,0
PRESTON,33,4,4,3,2,0,0,207
RICHMOND,19,2,6,2,1,0,0,59
FRANKSTON SOUTH,12,0,9,0,0,0,0,62
WILLIAMSTOWN,9,14,19,2,1,0,0,61
BENTLEIGH EAST,18,1,3,4,1,0,0,141
MOUNT WAVERLEY,26,2,5,2,1,0,0,123
SALE,24,3,20,0,1,0,0,0
POINT COOK,21,1,6,3,0,0,0,121
WENDOUREE,16,2,6,0,0,0,0,0
TRARALGON,28,1,0,1,1,0,0,0
RESERVOIR,33,1,9,2,1,0,0,317
HAWKESDALE,2,0,0,1,0,0,0,0
HORSHAM,13,1,7,3,1,1,0,0
IRYMPLE,8,2,7,0,0,0,0,0
PORT MELBOURNE,8,5,9,0,1,0,0,103
GREENVALE,10,0,3,1,0,0,0,66
FITZROY NORTH,12,2,1,2,0,0,0,70
CLYDE,3,0,0,0,0,0,0,11
NERRINA,3,0,1,0,0,0,0,0
FRASER RISE,1,0,6,0,0,0,0,9
WARRAGUL,15,1,12,2,1,0,0,0
CREEK JUNCTION,2,0,0,0,0,0,0,0
MORNINGTON,19,2,62,1,1,0,0,106
TATURA,5,1,0,1,1,0,0,0
CORIO,24,2,24,1,0,0,0,0
FRANKSTON,36,3,24,4,1,0,0,217
ALTONA NORTH,13,2,16,1,1,0,0,108
MORTLAKE,6,1,0,1,1,0,0,0
MURRAYVILLE,3,1,1,1,1,1,0,0
MILDURA,26,7,41,3,1,0,0,0
MANSFIELD,5,2,1,1,1,0,0,0
SWAN HILL,16,2,10,2,1,0,0,0
HARROW,3,0,3,0,1,0,0,0
LANGWARRIN,15,0,6,1,0,0,0,83
ST KILDA EAST,13,0,1,0,0,0,0,28
CANTERBURY,11,1,9,1,0,0,0,21
DRYSDALE,9,1,2,0,1,0,0,0
BELL POST HILL,7,0,6,0,0,0,0,0
BENDIGO,15,2,6,3,1,0,1,0
COBRAM,10,1,6,1,1,0,0,0
MARIBYRNONG,6,2,9,1,0,0,0,81
OAK PARK,6,0,3,0,0,0,0,21
OAKLEIGH EAST,4,0,0,0,0,0,0,36
HUGHESDALE,6,0,0,1,0,0,0,38
ARMSTRONG CREEK,3,0,0,0,0,0,0,0
WINDSOR,9,1,0,0,0,0,0,22
WODONGA,19,1,70,3,1,0,0,0
MALVERN EAST,14,4,12,4,0,0,0,110
KANIVA,5,1,1,1,1,0,0,0
KERANG,6,1,0,1,1,0,0,0
PAKENHAM,26,1,3,1,1,0,0,140
KEYSBOROUGH,18,1,10,0,0,0,0,102
CRANBOURNE EAST,9,0,1,2,0,0,0,40
BROOKFIELD,2,0,8,1,0,0,0,24
MURTOA,5,1,0,1,1,0,0,0
BUNDOORA,20,3,7,1,0,0,0,129
CAMPBELLS CREEK,2,0,1,1,0,0,0,0
BURWOOD,20,0,1,1,1,0,0,81
WANTIRNA SOUTH,12,2,10,4,0,0,0,132
TYNONG,1,0,0,0,0,0,0,0
TAYLORS HILL,4,0,17,0,0,0,0,30
BOX HILL SOUTH,5,0,3,0,0,0,0,56
CHIRNSIDE PARK,5,0,2,1,0,0,0,49
HAWTHORN,13,1,18,2,1,0,0,78
MOUNT ELIZA,14,1,39,1,0,0,0,28
FAWKNER,12,1,2,2,1,0,0,78
DONVALE,11,0,3,0,0,0,0,58
BRIGHTON,22,4,6,3,1,0,0,115
TARNEIT,13,0,20,0,0,0,0,148
LOVELY BANKS,3,1,0,0,0,0,0,0
WEST WODONGA,12,0,47,2,0,0,0,0
LEMNOS,2,0,0,0,0,0,0,0
KEILOR,5,0,7,1,0,0,0,32
LEONGATHA,10,2,1,1,0,0,0,0
TYABB,5,1,9,1,0,0,0,16
ENDEAVOUR HILLS,24,1,13,2,0,0,0,126
TRUGANINA,9,0,8,0,0,0,0,68
KEW,25,3,21,6,1,0,0,115
COBURG NORTH,9,0,8,0,0,0,0,62
HOPPERS CROSSING,25,0,3,2,0,0,0,170
NEWTOWN,16,0,26,0,0,0,0,0
CLARINDA,4,0,1,1,0,0,0,37
MELTON SOUTH,7,0,12,1,0,0,0,37
BURWOOD EAST,10,0,3,0,0,0,0,65
ROWVILLE,21,0,11,2,0,0,0,146
GREENSBOROUGH,22,1,11,1,1,0,0,103
MILL PARK,14,0,0,2,0,0,0,147
BRUNSWICK,12,1,19,4,2,0,0,108
COBURG,23,2,22,4,1,0,0,143
WEST MELBOURNE,5,3,5,0,0,0,0,36
YAPEEN,1,0,0,0,0,0,0,0
MELBOURNE,20,14,23,3,2,0,0,184
NORTH MELBOURNE,12,1,7,1,0,0,0,51
EPPING,23,0,3,2,1,0,0,166
BRAYBROOK,15,1,9,0,0,0,0,47
CLYDE NORTH,6,0,1,0,0,0,0,41
DOVETON,13,0,11,1,1,0,0,37
TORQUAY,11,0,24,0,1,0,0,0
CAROLINE SPRINGS,14,0,31,0,0,0,0,98
CROYDON,25,2,24,1,1,0,0,153
BORONIA,21,2,5,3,1,0,0,118
WANGARATTA,21,1,10,3,1,0,0,0
YARRAWONGA,11,2,4,1,1,0,0,0
DINNER PLAIN,2,0,0,0,0,0,0,0
MARLO,2,1,8,0,0,0,0,0
GLENORMISTON SOUTH,2,0,0,0,0,0,0,0
BARJARG,1,0,0,0,0,0,0,0
MARRAWEENEY,1,0,1,0,0,0,0,0
CALLIGNEE,2,0,0,0,0,0,0,0
VICTORIA VALLEY,1,0,1,0,0,0,0,0
HOMEBUSH,1,0,0,0,0,0,0,0
MILLGROVE,3,0,1,0,0,0,0,5
SAWMILL SETTLEMENT,1,0,0,0,0,0,0,0
TANYBRYN,1,0,0,0,0,0,0,0
BALWYN,12,1,12,1,1,0,0,52
CORRYONG,6,1,2,3,1,0,0,0
SEBASTOPOL,12,0,5,0,0,0,0,0
ST KILDA,10,5,8,2,1,0,0,97
SPRINGVALE,21,1,3,1,1,0,0,88
ORBOST,7,1,5,1,1,0,0,0
BROADMEADOWS,23,2,4,2,1,0,0,89
CHURCHILL,11,0,7,1,2,1,0,0
BALLARAT EAST,11,0,2,0,0,0,0,0
CASTLEMAINE,7,1,1,2,0,0,0,0
KINGS PARK,6,0,5,0,0,0,0,33
HAMLYN HEIGHTS,10,0,6,0,0,0,0,0
NOBLE PARK,18,1,10,2,0,0,0,77
THE BASIN,5,0,2,0,0,0,0,17
BRIGHTON EAST,13,0,6,0,0,0,0,65
DANDENONG NORTH,12,0,3,3,0,0,0,112
MALVERN,9,0,5,1,1,0,0,50
BANGHOLME,3,0,0,0,0,0,0,13
CRANBOURNE NORTH,11,0,2,0,0,0,0,76
FLORA HILL,4,0,0,0,0,0,0,0
BAYSWATER,12,2,2,1,0,0,0,63
DANDENONG,15,3,16,4,1,0,0,156
FERNTREE GULLY,21,3,11,4,1,0,0,134
MELTON WEST,8,1,9,1,0,0,0,51
TEMPLESTOWE LOWER,14,0,2,1,0,0,0,63
PASCOE VALE,10,0,8,0,0,0,0,61
TRAFALGAR,6,2,3,0,1,0,0,0
CAULFIELD NORTH,7,1,1,4,0,0,0,82
PASCOE VALE SOUTH,6,1,7,2,1,0,0,48
CRANBOURNE WEST,8,0,1,1,0,0,0,35
TOLMIE,1,0,0,0,0,0,0,0
ALEXANDRA,5,1,2,2,1,0,0,1
ALTONA,10,2,17,1,0,0,0,64
HURSTBRIDGE,4,0,5,0,1,0,0,4
WHITE HILLS,6,0,3,0,0,0,0,0
BROADFORD,3,1,0,0,1,1,0,0
MOE SOUTH,1,0,0,0,0,0,0,0
HIGHTON,11,0,20,1,0,0,0,0
HAWTHORN EAST,12,1,7,1,0,0,0,18
SOUTH YARRA,12,2,4,2,1,0,0,79
LAKE WENDOUREE,6,0,2,0,0,0,0,0
CARRUM DOWNS,13,0,3,1,0,0,0,105
ESSENDON,19,1,5,2,1,0,0,109
SHEPPARTON,34,1,10,6,1,0,0,0
BOORT,4,1,5,1,1,0,0,0
STRATHMORE,8,0,2,0,0,0,0,42
GLEN WAVERLEY,33,2,10,5,2,0,0,174
YALLOURN,1,0,2,0,0,0,0,0
NOTTING HILL,2,0,0,0,0,0,0,18
MONBULK,6,1,1,1,1,0,0,18
SCORESBY,5,1,5,0,0,0,0,53
THORNBURY,14,1,5,1,0,0,0,78
MERRIJIG,2,0,1,0,0,0,0,0
MORWELL,21,1,13,3,1,0,0,0
WERRIBEE,27,1,18,4,1,0,0,229
CLAYTON SOUTH,6,0,4,0,0,0,0,78
ST ARNAUD,5,1,1,1,1,0,0,0
KILSYTH,11,1,5,1,0,0,0,56
NAYOOK,2,0,0,0,0,0,0,0
MALMSBURY,3,0,0,0,1,0,0,0
POOWONG,3,1,1,0,0,0,0,0
PARKVILLE,4,3,5,6,1,0,0,54
STEWARTON,2,0,0,0,0,0,0,0
NATHALIA,6,1,1,1,1,0,0,0
FITZROY,10,1,1,4,1,0,0,36
RINGWOOD,19,3,20,1,1,0,0,121
ABERFELDIE,5,0,1,0,0,0,0,16
LAVERS HILL,2,0,1,0,0,0,0,0
STAWELL,14,1,5,1,1,0,0,0
MIRBOO NORTH,3,0,1,1,1,0,0,0
CASTERTON,4,1,3,1,1,0,0,0
TALLANGATTA,5,1,1,1,1,0,0,0
DALLAS,13,1,2,0,0,0,0,20
CHARLTON,6,1,0,0,1,0,0,0
MYRTLEFORD,7,1,12,1,1,1,0,0
PORTLAND,14,6,14,1,1,0,0,0
RINGWOOD NORTH,8,0,13,0,0,0,0,63
SEYMOUR,11,1,6,1,1,0,0,0
COBDEN,3,1,6,0,1,0,0,0
ROSEBUD,8,2,19,0,1,0,0,103
MERBEIN,9,2,5,0,1,0,0,0
ST ALBANS,26,1,22,3,1,0,0,127
EDENHOPE,4,1,1,1,1,0,0,0
SUNBURY,23,2,14,1,1,0,0,228
SUNSHINE,11,1,12,0,0,0,0,91
DONCASTER,13,2,2,1,0,0,0,110
YARRAM,6,2,2,1,1,0,0,0
OUYEN,5,1,3,2,1,0,0,0
BEAUFORT,3,1,5,1,1,0,0,0
LILYDALE,14,2,2,1,1,0,0,111
YEA,5,1,2,2,1,0,0,0
MURRUMBEENA,6,1,3,0,1,0,0,49
WONTHAGGI,7,1,4,1,1,0,0,0
OCEAN GROVE,8,1,13,2,1,0,0,0
HAMILTON,25,1,9,3,1,0,0,0
ARARAT,11,3,10,2,1,0,0,0
HALLAM,6,0,2,1,0,0,0,55
BAKERY HILL,2,1,2,0,0,0,0,0
BALMORAL,1,0,3,1,1,0,0,0
WANTIRNA,11,1,2,1,0,0,0,45
WARRANDYTE,4,0,3,1,1,0,0,47
HEIDELBERG WEST,10,1,1,0,0,0,0,46
MOUNT EVELYN,12,0,2,0,1,0,0,44
MOUNT BEAUTY,4,1,4,1,1,0,0,0
RESEARCH,2,0,0,0,0,0,0,22
CAMPERDOWN,9,1,8,1,1,0,0,0
POOWONG EAST,1,0,0,0,0,0,0,0
KURUNJANG,3,0,10,1,0,0,0,37
KYABRAM,14,1,2,1,1,0,0,0
KYNETON,6,1,1,1,1,0,0,0
BAIRNSDALE,13,2,12,1,1,0,0,0
DARLEY,9,0,0,0,0,0,0,0
MADDINGLEY,3,0,1,1,0,0,0,0
BELMONT,11,1,22,1,0,0,0,0
FOSTER,4,1,2,1,1,0,0,0
YARRA JUNCTION,8,0,1,0,1,0,0,16
UPWEY,6,0,2,1,0,0,0,34
VERMONT,8,1,3,0,0,0,0,51
SOUTHBANK,5,1,4,1,0,0,0,37
NEWPORT,12,2,19,0,1,0,0,59
HEALESVILLE,8,1,8,1,1,0,0,41
HEIDELBERG,6,1,6,2,1,0,0,27
BELL PARK,7,0,5,0,0,0,0,0
QUEENSCLIFF,3,3,3,0,1,0,0,0
CLAYTON,12,2,3,5,1,0,0,81
MORDIALLOC,5,2,8,2,1,0,0,48
CHELTENHAM,16,3,5,5,1,0,0,138
BRUNSWICK EAST,5,1,15,0,0,0,0,52
BRUNSWICK WEST,11,1,14,2,0,0,0,77
WONGA PARK,3,1,6,1,0,0,0,29
DROMANA,4,2,14,0,1,0,0,51
DROUIN,7,1,3,0,1,0,0,0
ROXBURGH PARK,10,0,1,1,0,0,0,53
CHADSTONE,5,0,2,1,0,0,0,21
MULGRAVE,15,3,1,1,0,0,0,115
MOORABBIN,8,0,2,0,1,0,0,53
ASPENDALE,9,0,2,0,0,0,0,20
BALWYN NORTH,15,1,11,1,0,0,0,109
THOONA,2,0,1,0,0,0,0,0
WHEELERS HILL,21,0,4,1,1,0,0,105
CAULFIELD SOUTH,8,0,3,1,0,0,0,50
CAULFIELD,4,1,0,4,1,0,0,47
CAULFIELD EAST,3,0,0,1,0,0,0,14
ELTHAM,12,1,14,4,1,0,0,53
NARRE WARREN,20,1,13,2,0,0,0,109
EUROA,4,1,0,0,1,0,0,0
SEAFORD,15,1,16,1,1,0,0,91
ELWOOD,9,1,5,0,1,0,0,44
DEER PARK,11,0,8,2,0,0,0,68
DOOKIE COLLEGE,3,0,0,0,0,0,0,0
MITCHAM,14,1,4,1,0,0,0,92
NUNAWADING,12,1,3,0,1,0,0,69
FRANKSTON NORTH,11,0,6,1,0,0,0,38
MONTMORENCY,9,0,2,1,0,0,0,30
MOOROOLBARK,21,1,3,1,1,0,0,66
PRINCES HILL,5,0,0,0,0,0,0,3
EAGLEHAWK,5,1,6,0,1,0,0,0
DONCASTER EAST,18,2,4,3,1,0,0,128
CARLTON,11,2,9,2,2,0,0,55
WESTMEADOWS,3,0,1,1,1,0,0,36
FLEMINGTON,8,1,4,1,1,0,0,18
WAURN PONDS,3,0,7,1,0,0,0,0
HAMPTON PARK,17,1,1,1,0,0,0,103
MOUNT MACEDON,3,0,1,0,0,0,0,0
AVONDALE HEIGHTS,7,1,1,0,1,0,0,42
LALOR,15,0,1,1,0,0,0,80
PRAHRAN,6,1,0,1,0,0,0,39
PYRAMID HILL,3,1,6,0,1,0,0,0
HASTINGS,7,2,16,2,1,0,0,26
SPRINGVALE SOUTH,15,0,0,1,0,0,0,49
HEATHMONT,9,0,9,4,0,0,0,20
BELLFIELD,3,0,5,0,0,0,0,12
ALBERT PARK,7,2,5,1,0,0,0,27
BEECHWORTH,7,1,1,1,1,0,0,0
DELAHEY,5,0,2,0,0,0,0,35
THOMSON,4,0,5,0,0,0,0,0
GISBORNE,7,1,1,1,1,0,0,0
GLADSTONE PARK,6,1,2,0,0,0,0,32
KOO WEE RUP,7,1,0,3,1,0,0,0
MONT ALBERT NORTH,6,0,0,0,0,0,0,36
HAMPTON,7,1,4,3,0,0,0,67
CRANBOURNE,16,2,2,3,1,0,0,63
EAST GEELONG,5,0,4,0,0,0,0,0
KEILOR DOWNS,6,0,7,1,0,0,0,44
LAKE BOLAC,3,1,2,1,1,0,0,0
DOREEN,7,0,0,1,0,0,0,89
MACLEOD,7,0,1,2,0,0,0,38
DIMBOOLA,6,1,2,1,1,0,0,0
BALLARAT CENTRAL,9,2,2,3,1,0,0,0
ROCHESTER,4,1,2,2,1,0,0,0
FOOTSCRAY,24,2,14,2,1,0,0,117
NUMURKAH,4,1,1,0,1,0,0,0
WOLLERT,4,0,0,0,0,0,0,22
THOMASTOWN,14,1,0,2,0,0,0,107
NORTHCOTE,11,1,12,0,1,0,0,108
SEA LAKE,3,1,1,1,1,0,0,0
ASHWOOD,6,0,3,0,0,0,0,31
MOOROOPNA,10,1,6,2,1,0,0,0
TOORAK,13,3,1,2,0,0,0,55
NHILL,6,2,0,2,1,0,0,0
ALPHINGTON,7,0,3,1,0,0,0,27
BELGRAVE,4,1,3,0,1,0,0,31
CAMBERWELL,11,2,14,5,1,0,0,145
MIDDLE PARK,2,0,0,0,0,0,0,23
NOORAT,3,1,1,0,0,0,0,0
GEELONG,5,6,9,1,1,0,0,0
BEACONSFIELD,7,0,3,0,0,0,0,25
DONALD,4,1,1,1,1,0,0,0
COHUNA,4,1,4,1,1,0,0,0
CRAIGIEBURN,22,0,6,1,0,0,0,163
UPPER FERNTREE GULLY,3,1,2,2,0,0,0,14
GOLDEN SQUARE,7,1,4,0,0,0,0,0
COLLINGWOOD,8,1,0,2,0,0,0,21
LONGERENONG,1,0,0,0,0,0,0,0
KANGAROO FLAT,6,0,4,0,0,0,0,0
KEILOR EAST,10,0,6,0,0,0,0,66
KINGSBURY,4,0,0,0,0,0,0,21
RED CLIFFS,12,2,8,1,1,0,0,0
YARRAVILLE,11,3,14,0,1,0,0,85
BLACKBURN SOUTH,14,1,1,0,0,0,0,42
FOREST HILL,6,2,0,1,0,0,0,52
HEYWOOD,4,1,2,1,1,0,0,0
KEALBA,3,0,3,0,0,0,0,20
BONBEACH,3,0,2,0,0,0,0,15
BOX HILL,11,2,3,2,1,0,0,84
BLACKBURN NORTH,9,0,2,0,0,0,0,42
DAYLESFORD,5,1,1,2,1,0,0,0
ROBINVALE,8,3,1,2,1,0,0,0
WYCHEPROOF,4,1,1,1,1,0,0,0
DERRINALLUM,3,1,1,0,0,0,0,0
WARRACKNABEAL,4,1,2,3,1,0,0,0
TERANG,5,1,5,2,1,0,0,0
WEDDERBURN,4,1,10,0,2,0,0,0
WHITTLESEA,7,0,0,0,1,0,0,23
LAKES ENTRANCE,5,2,6,1,1,0,0,0
KERRIE,2,0,0,0,0,0,0,0
KENNINGTON,7,0,1,0,0,0,0,0
SOUTH DUDLEY,1,0,0,0,0,0,0,0
SOUTH MORANG,10,0,1,0,0,1,0,97
ABBOTSFORD,5,2,1,0,1,0,0,26
BRAESIDE,2,0,1,0,0,0,0,35
NARRE WARREN SOUTH,12,0,1,1,0,0,0,109
KILMORE,7,1,0,4,1,0,0,0
ELSTERNWICK,12,1,0,0,1,0,0,55
MERBEIN SOUTH,3,0,1,0,0,0,0,0
MERBEIN WEST,1,0,0,0,0,0,0,0
NEERIM SOUTH,3,0,1,0,1,0,0,0
NEWCOMB,6,0,14,0,0,0,0,0
RUBICON,1,0,0,0,0,0,0,0
AIRPORT WEST,7,1,2,2,0,0,0,60
NOBLE PARK NORTH,8,0,0,0,0,0,0,37
NIDDRIE,3,1,0,0,0,0,0,31
OMEO,3,0,5,1,1,0,0,0
KEILOR LODGE,2,0,1,0,0,0,0,7
SYDENHAM,11,0,7,2,0,0,0,30
EMERALD,4,0,2,1,1,0,0,31
GROVEDALE,7,0,8,1,0,0,0,0
MENTONE,16,2,3,2,1,0,0,66
KORUMBURRA,4,1,5,2,1,0,0,0
LARA,7,0,18,0,1,0,0,0
NEWINGTON,3,0,1,0,0,0,0,0
CROYDON HILLS,3,0,5,0,0,0,0,16
HIGHETT,5,1,3,0,0,0,0,44
ESSENDON WEST,1,0,2,0,0,0,0,7
OAKLEIGH,6,3,0,2,1,0,0,63
BENALLA,13,2,5,2,1,0,0,0
WATSONIA,4,0,4,1,0,0,0,31
TABOR,1,0,0,0,0,0,0,0
BARANDUDA,3,0,5,0,0,0,0,0
SOMERVILLE,9,0,25,1,0,2,0,24
ST HELENA,4,0,2,0,0,0,0,12
BENTLEIGH,8,2,0,2,1,0,0,54
RUTHERGLEN,4,7,0,1,0,0,0,0
WALLAN,8,0,0,1,1,0,0,0
BULLEEN,13,2,3,2,0,0,0,52
TAYLORS LAKES,6,0,9,1,0,0,0,66
BALACLAVA,4,1,0,1,0,0,0,9
HALLORA,2,0,0,0,0,0,0,0
HAZELWOOD,2,0,3,0,0,0,0,0
MOUNT HELEN,4,0,0,0,0,0,0,0
JUNORTOUN,1,0,0,0,0,0,0,0
NEWHAVEN,2,0,0,0,0,0,0,0
MALLACOOTA,4,5,23,0,1,0,0,0
WERRIBEE SOUTH,2,0,5,0,0,0,0,14
SWIFTS CREEK,5,1,1,0,1,0,0,0
LANGWARRIN SOUTH,1,0,0,0,0,0,0,17
DIAMOND CREEK,12,0,6,2,1,0,0,43
OAKLEIGH SOUTH,7,0,2,1,0,0,0,72
WARRAGUL SOUTH,1,0,0,0,0,0,0,0
HAVEN,4,0,0,0,0,0,0,0
SHEPPARTON NORTH,3,0,0,0,0,0,0,0
MAFFRA,7,1,7,1,1,0,0,0
RHYLL,1,0,5,0,0,0,0,0
COOLAROO,6,0,1,0,0,0,0,41
MERNDA,6,0,0,0,0,0,0,64
COLBINABBIN,4,0,0,0,0,0,0,0
ALFREDTON,4,0,4,1,0,0,0,0
BIRCHIP,3,1,2,0,1,0,0,0
DONNYBROOK,2,0,2,0,0,0,0,4
HOPETOUN,6,2,1,1,1,0,0,0
APOLLO BAY,3,2,3,1,1,0,0,0
LAVERTON,10,1,12,1,1,0,0,22
MACEDON,3,0,2,1,1,0,0,0
LENEVA,2,0,2,0,0,0,0,0
SASSAFRAS,3,0,1,0,0,0,0,10
WARRANWOOD,4,0,3,1,0,0,0,21
LUCKNOW,2,0,1,0,0,0,0,0
LORNE,2,2,11,2,0,0,0,0
IVANHOE,11,1,5,2,0,0,0,63
MELTON,7,1,19,2,1,0,0,57
KIMBOLTON,1,1,7,0,0,0,0,0
WERRIMULL,2,1,1,0,1,0,0,0
MOUNT MARTHA,7,1,42,0,0,0,0,79
HOWQUA,1,0,0,0,0,0,0,0
ARMADALE,10,1,1,3,0,0,0,55
AIREYS INLET,1,0,1,0,0,0,0,0
TUBBUT,2,0,0,0,0,0,0,0
BRIGHT,3,1,12,0,1,0,0,0
MANOR LAKES,2,0,2,1,0,0,0,32
TEDDYWADDY WEST,1,0,0,0,0,0,0,0
RINGWOOD EAST,10,1,8,3,0,0,0,25
BANNOCKBURN,2,0,0,0,1,0,0,0
TRAVANCORE,4,0,1,1,0,0,0,10
CANN RIVER,3,1,3,0,1,0,0,0
DINGEE,2,0,2,0,0,0,0,0
BARINGHUP WEST,1,0,0,0,0,0,0,0
NORLANE,13,0,13,0,1,0,0,0
RUSHWORTH,3,1,0,2,1,0,0,0
GOROKE,3,1,1,0,1,0,0,0
RAINBOW,3,1,2,0,1,0,0,0
TIMBOON,2,1,4,1,1,0,0,0
MANANGATANG,2,0,0,1,1,0,0,0
MONTROSE,5,0,4,0,0,0,0,40
ORMOND,9,1,2,0,0,0,0,35
CLARETOWN,2,0,0,0,0,0,0,0
HEYFIELD,4,1,4,0,1,0,0,0
DUNKELD,2,0,2,0,1,0,0,0
WILLIAMSTOWN NORTH,1,0,3,0,0,0,0,7
HEIDELBERG HEIGHTS,4,0,3,2,1,0,0,39
GLEN IRIS,13,1,20,0,0,0,0,77
CROXTON EAST,1,0,0,0,0,0,0,0
LUCAS,2,0,1,0,0,0,0,0
IVANHOE EAST,4,0,2,0,0,0,0,20
DON VALLEY,2,0,1,0,0,0,0,0
BOTANIC RIDGE,2,0,0,0,0,0,0,17
SOMERS,2,0,14,0,0,0,0,23
ESSENDON NORTH,3,1,0,0,0,0,0,21
ROSANNA,6,1,2,1,0,0,0,43
MINERS REST,1,0,0,0,0,0,0,0
KALKEE,2,0,1,0,0,0,0,0
IRREWARRA,1,0,1,0,0,0,0,0
STRATHTULLOH,1,0,4,0,0,0,0,6
DEANSIDE,1,0,0,0,0,0,0,2
LORQUON,1,0,0,0,0,0,0,0
SWAN MARSH,1,0,0,0,0,0,0,0
RICH AVON WEST,1,0,0,0,0,0,0,0
CRESWICK,4,1,3,1,1,0,0,0
CROWLANDS,1,0,0,0,0,0,0,0
BURNSIDE,1,0,7,0,0,0,0,19
ALLANSFORD,3,0,1,0,0,0,0,0
BADGER CREEK,2,0,2,0,0,0,0,6
BALNARRING,2,0,8,1,0,0,0,4
FRESHWATER CREEK,2,0,0,0,0,0,0,0
WARBURTON,2,1,5,0,1,1,0,12
CLIFTON HILL,4,0,7,0,0,0,0,20
KANGAROO GROUND,2,0,0,0,0,1,0,14
KATANDRA WEST,2,0,0,0,0,0,0,0
BAYNTON,1,1,0,0,0,0,0,0
BAYSWATER NORTH,4,0,4,3,0,0,0,67
BEACONSFIELD UPPER,3,0,3,0,0,0,0,0
ANTWERP,1,0,0,0,0,0,0,0
APPIN SOUTH,1,0,0,0,0,0,0,0
BOINKA,1,0,0,0,0,0,0,0
RAGLAN,1,0,11,0,0,0,0,0
MINYIP,4,0,0,1,1,0,0,0
BESSIEBELLE,1,0,0,0,0,0,0,0
BEVERFORD,1,2,0,0,0,0,0,0
POOLAIJELO,2,0,0,0,0,0,0,0
PORTLAND NORTH,1,0,0,0,0,0,0,0
NULLAWARRE,4,0,0,0,0,0,0,0
NIRRANDA SOUTH,1,0,1,0,0,0,0,0
MURRABIT,1,0,1,0,0,0,0,0
PIRRON YALLOCK,2,0,1,0,0,0,0,0
CLUNES,2,1,2,2,1,0,0,0
DIXIE,4,0,0,0,0,0,0,0
MARNOO,1,0,2,0,1,0,0,0
MAROONA,1,0,2,0,0,0,0,0
MAGPIE,1,0,0,0,0,0,0,0
CODRINGTON,1,0,0,0,0,0,0,0
FISH CREEK,2,0,0,0,0,0,0,0
MALDON,3,1,1,1,1,0,0,0
MANDURANG,1,0,1,0,0,0,0,0
MANIFOLD HEIGHTS,1,1,3,0,0,0,0,0
MARDAN,1,0,0,0,0,0,0,0
MUSKERRY,1,0,0,0,0,0,0,0
NEWLYN NORTH,1,0,0,0,0,0,0,0
TOOLLEEN,1,0,0,0,0,0,0,0
WULGULMERANG WEST,1,0,0,0,0,0,0,0
ASHBURTON,8,1,10,0,1,0,0,28
NYORA,1,1,2,0,0,0,0,0
NEW GISBORNE,4,0,1,0,0,0,0,0
HEATHCOTE,3,1,2,1,1,0,0,0
MOONEE PONDS,6,1,5,1,1,0,0,77
GLEN FORBES,1,0,0,0,0,0,0,0
TONGALA,4,1,0,0,1,0,0,0
ALTONA MEADOWS,8,0,18,2,0,0,0,48
BROOKLYN,3,0,3,0,0,0,0,27
ASPENDALE GARDENS,2,0,2,0,0,0,0,17
CORINELLA,3,0,2,0,0,0,0,0
BIG HILL,1,0,0,0,0,0,0,0
HILLSIDE,10,0,21,2,0,0,0,44
KOONWARRA,2,0,0,0,0,0,0,0
GRASSMERE,2,1,0,0,0,0,0,0
GRETA SOUTH,1,0,0,0,0,0,0,0
SWAN REACH,1,0,1,0,0,0,0,0
TECOMA,2,0,0,0,0,0,0,20
LOWER PLENTY,2,0,2,0,0,0,0,13
NEWSTEAD,2,1,0,0,1,0,0,0
GEELONG WEST,6,0,5,1,0,0,0,0
ST GERMAINS,1,0,0,0,0,0,0,0
TETOORA ROAD,1,0,0,0,0,0,0,0
STRATHBOGIE,2,0,1,0,0,0,0,0
VIOLET TOWN,3,1,0,0,1,0,0,0
SPRING GULLY,2,0,1,0,0,0,0,0
ORRVALE,2,0,0,0,0,0,0,0
OSBORNES FLAT,1,1,0,0,0,0,0,0
CROYDON SOUTH,1,0,3,0,0,0,0,15
GIRGARRE EAST,1,0,0,0,0,0,0,0
WYNDHAM VALE,6,0,10,1,0,0,0,60
BULN BULN,2,0,1,0,0,0,0,0
NOORINBEE,1,0,1,0,0,0,0,0
TALLANGATTA SOUTH,1,0,0,0,0,0,0,0
ST ANDREWS,1,0,0,0,0,0,0,0
ANGLESEA,2,0,4,0,1,0,0,0
KNOWSLEY,1,0,2,0,0,0,0,0
KONGWAK,1,1,1,0,0,0,0,0
GLEN ALVIE,1,0,0,0,0,0,0,0
KOONDROOK,2,0,4,0,1,0,0,0
PAYNESVILLE,3,0,5,1,0,0,0,0
PEARCEDALE,3,0,2,0,0,1,0,15
PEARSONDALE,1,0,0,0,0,0,0,0
BADDAGINNIE,2,0,0,0,0,0,0,0
TEESDALE,2,0,0,0,0,0,0,0
ELTHAM NORTH,3,0,3,1,0,0,0,23
BRANXHOLME,1,0,1,0,1,0,0,0
SOUTH MELBOURNE,9,3,4,1,2,0,0,49
BARNADOWN,1,0,0,0,0,0,0,0
RAWSON,1,1,1,0,2,0,0,0
AIRLY,1,0,0,0,0,0,0,0
ALBANVALE,2,0,3,0,0,0,0,18
ANAKIE,1,0,2,0,0,0,0,0
DRUMMOND,1,0,0,0,0,0,0,0
FAIRFIELD,4,1,1,2,0,0,0,41
BENDOC,2,0,3,0,1,0,0,0
STOCKDALE,1,0,0,0,0,1,0,0
RIPPLEBROOK,2,0,0,0,0,0,0,0
BUCHAN SOUTH,1,0,0,0,0,0,0,0
DEVON MEADOWS,1,0,0,0,0,0,0,15
DHURRINGILE,2,0,0,0,0,0,2,0
GRANYA,1,0,1,0,0,0,0,0
BRUTHEN,3,1,2,0,1,0,0,0
BALLAN,4,1,0,1,1,0,0,0
BALLIANG EAST,1,0,0,0,0,0,0,0
DALYSTON,1,0,2,0,0,0,0,0
WUNGHNU,1,0,1,0,0,0,0,0
YACKANDANDAH,4,1,0,1,1,0,0,0
TEAL POINT,1,0,0,0,0,0,0,0
BOUNDARY BEND,1,0,0,0,0,0,0,0
BREWSTER,1,0,0,0,0,0,0,0
BRIDGEWATER ON LODDON,1,0,1,0,1,0,0,0
BOSTOCKS CREEK,1,0,0,0,0,0,0,0
BANGERANG,1,0,1,0,0,0,0,0
BRIMPAEN,1,0,0,0,0,0,0,0
STRATHMERTON,1,0,1,0,0,0,0,0
YALLAMBIE,2,0,1,1,0,0,0,13
STRATHEWEN,1,0,1,0,0,0,0,0
STRATHFIELDSAYE,3,0,1,0,0,0,0,0
WELSHPOOL,2,2,1,0,0,0,0,0
TORRUMBARRY,2,0,4,0,0,0,0,0
WINCHELSEA,3,1,12,1,1,0,0,0
HIGHLANDS,1,0,0,0,0,0,0,0
BUANGOR,1,0,2,0,0,0,0,0
BUCKLEY SWAMP,1,0,0,0,0,0,0,0
WYCHITELLA,1,0,0,0,0,0,0,0
BULART,1,0,0,0,0,0,0,0
YALLOURN NORTH,2,0,4,0,0,0,0,0
MINHAMITE,1,0,0,0,0,0,0,0
MOLYULLAH,1,0,0,0,0,0,0,0
THORNTON,1,0,0,0,0,0,0,2
MAUDE,1,0,1,0,0,0,0,0
WESBURN,2,1,1,0,0,0,0,10
MOUNT TAYLOR,1,0,0,0,0,0,0,0
MOUNT WALLACE,1,0,1,0,0,0,0,0
RYANSTON,2,0,0,0,0,0,0,0
QUANTONG,1,0,0,0,0,0,0,0
ROKEWOOD,3,0,1,0,1,0,0,0
ROSSBRIDGE,1,0,0,0,0,0,0,0
SCOTSBURN,1,0,0,0,0,0,0,0
LOCKWOOD,2,0,0,0,0,0,0,0
ROMSEY,4,1,1,0,0,0,0,0
TALLAROOK,1,0,0,0,1,0,0,0
MUDGEGONGA,1,0,0,0,0,0,0,0
FRENCH ISLAND,1,1,2,0,0,0,1,0
MERTON,1,0,0,0,0,0,0,0
WILLUNG,2,0,0,0,0,0,0,0
ZEERUST,1,0,0,0,0,0,0,0
YOUANMITE,1,0,0,0,0,0,0,0
MYRNIONG,1,1,0,0,0,0,0,0
MYALL,1,0,0,0,0,0,0,0
BEVERIDGE,2,0,0,0,0,0,0,9
HARKNESS,2,0,9,0,0,0,0,37
CRESSY,1,0,0,0,1,0,0,0
PLUMPTON,1,0,0,0,0,0,0,0
TALGARNO,2,0,1,0,0,0,0,0
YERING,1,0,1,0,0,0,0,0
YELLINGBO,1,0,1,0,0,0,0,0
YINNAR,2,1,0,0,0,0,0,0
YINNAR SOUTH,1,0,1,0,0,0,0,0
YUNDOOL,1,0,0,0,0,0,0,0
SWANPOOL,2,0,0,0,0,0,0,0
TATONG,1,0,0,0,0,0,0,0
SKIPTON,2,1,3,1,1,0,0,0
TARNAGULLA,1,0,4,0,1,0,0,0
MINCHA WEST,1,0,0,0,0,0,0,0
BONEGILLA,1,0,0,0,0,0,0,0
CULGOA,1,0,1,0,1,0,0,0
DADSWELLS BRIDGE,1,0,0,0,0,0,0,0
CARLISLE RIVER,2,0,0,0,0,0,0,0
CARPENDEIT,1,0,0,0,0,0,0,0
CARWARP,1,0,0,0,0,0,0,0
CASHMORE,1,1,0,0,0,0,0,0
CASTLE DONNINGTON,1,0,0,0,0,0,0,0
TALLANDOON,1,0,0,0,0,0,0,0
LITTLE RIVER,2,0,9,0,0,0,0,0
WINTON,1,0,0,0,0,0,0,0
CHETWYND,1,0,0,0,0,0,0,0
CLARENDON,1,0,0,0,0,0,0,0
CLEAR LAKE,1,0,0,0,0,0,0,0
MYRTLE CREEK,1,0,0,0,0,0,0,0
LOCH,2,0,1,0,1,0,0,0
MYRTLEBANK,1,0,0,0,0,0,0,0
MYWEE,1,0,2,0,0,0,0,0
NAGAMBIE,3,1,2,0,1,0,0,0
LOCH SPORT,1,0,5,0,0,0,0,0
NAMBROK,2,0,1,0,0,0,0,0
NAR NAR GOON,4,1,1,0,0,0,0,0
NARRACAN,1,0,0,0,0,0,0,0
NARRE WARREN EAST,1,0,2,1,0,0,0,9
NARRE WARREN NORTH,2,0,7,0,0,0,0,19
LISMORE,2,1,2,1,1,0,0,0
MOONAMBEL,1,6,1,0,0,0,0,0
NICHOLS POINT,2,0,4,0,0,0,0,0
NORADJUHA,1,0,1,0,0,0,0,0
NULLAWIL,1,0,1,0,0,0,0,0
COGHILLS CREEK,1,0,0,0,0,0,0,0
COLERAINE,3,1,5,1,0,0,0,0
CONCONGELLA,1,0,2,0,0,0,0,0
KADNOOK,1,0,0,0,0,0,0,0
ROSEDALE,2,1,8,0,1,0,0,0
LYNDHURST,1,0,1,0,0,0,0,16
DUNOLLY,2,1,6,1,1,0,0,0
GREENWALD,2,0,1,0,0,0,0,0
EDDINGTON,1,0,0,0,0,0,0,0
CORINDHAP,1,0,0,0,0,0,0,0
ELINGAMITE,1,0,0,0,0,0,0,0
ELLERSLIE,1,0,0,0,0,0,0,0
ELLIMINYT,3,0,0,0,0,0,0,0
ELMHURST,1,0,2,0,1,0,0,0
RIDDELLS CREEK,3,0,0,0,1,0,0,0
YANDOIT,1,0,0,0,0,0,0,0
YANNATHAN,1,0,0,0,0,0,0,0
LANG LANG,3,0,0,1,1,0,0,0
VAUGHAN,1,0,0,0,0,0,0,0
YARCK,1,0,0,0,0,0,0,0
YARRA GLEN,2,0,0,1,1,0,0,4
CROYDON NORTH,7,0,11,0,0,0,0,30
YARRAGON SOUTH,1,0,0,0,0,0,0,0
YARRAMBAT,3,0,1,0,0,0,0,21
PANMURE,1,1,0,0,0,0,0,0
NETHERBY,2,0,0,0,0,0,0,0
BEEAC,1,0,0,1,1,0,0,0
BEALIBA,1,0,2,0,0,0,0,0
BERRIWILLOCK,1,0,1,0,0,0,0,0
BEULAH,2,1,0,0,1,0,0,0
SUTHERLANDS CREEK,1,0,0,0,0,0,0,0
SUTTON GRANGE,1,0,0,0,0,0,0,0
SURREY HILLS,8,1,4,1,0,0,0,63
LINDENOW SOUTH,1,0,1,0,0,0,0,0
KENSINGTON,3,0,9,3,0,0,0,26
DEEPDENE,2,0,3,1,0,0,0,9
BLACK HILL,2,0,1,0,0,0,0,0
BIRREGURRA,2,0,0,1,1,0,0,0
MURCHISON,2,0,0,1,1,0,0,0
WON WRON,2,0,2,0,0,0,0,0
HALLS GAP,1,0,2,0,0,0,0,0
AMPHITHEATRE,1,0,2,0,0,0,0,0
MACARTHUR,3,1,1,0,1,0,0,0
AREEGRA,1,0,0,0,0,0,0,0
WOOL WOOL,1,0,0,0,0,0,0,0
ARNOLD,1,0,2,0,0,0,0,0
STONY CREEK,1,0,0,0,0,0,0,0
WOODS POINT,1,0,1,1,1,0,0,0
WOODSIDE,1,1,3,0,0,0,0,0
WOODGLEN,2,0,0,0,0,0,0,0
HUNTLY,2,1,2,0,0,0,0,0
BENA,1,0,0,0,0,0,0,0
IRONBARK,1,0,2,0,0,0,0,0
CLARKES HILL,1,0,0,0,0,0,0,0
STRATFORD,3,1,12,0,1,0,0,0
AVOCA,2,1,1,0,1,0,0,0
ASCOT,2,0,0,0,0,0,0,0
BALLARAT NORTH,3,0,0,0,0,0,0,0
BOLWARRA,2,0,1,0,0,0,0,0
CHILTERN,3,1,0,0,1,0,0,0
BANYENA,1,0,0,0,0,0,0,0
BARINGHUP,1,0,3,0,0,0,0,0
BARKLY,1,0,0,0,0,0,0,0
BARONGAROOK,1,0,0,0,0,0,0,0
BROWN HILL,1,0,2,0,0,0,0,0
CALLAWADDA,1,0,0,0,0,0,0,0
MOUNT DANDENONG,2,0,4,0,0,0,0,37
MOUNT DUNEED,2,1,4,0,0,0,0,0
MOUNT EGERTON,1,1,0,0,0,0,0,0
MOUNT MORIAC,1,0,0,0,0,0,0,0
MOUNT BEST,1,0,0,0,0,0,0,0
LANDSBOROUGH,1,0,0,0,1,0,0,0
SOLDIERS HILL,5,0,1,1,0,0,0,0
MAFEKING,1,0,1,0,0,0,0,0
NARINGAL,1,0,0,0,0,0,0,0
NATIMUK,2,1,1,0,1,0,0,0
GARFIELD,3,1,1,0,0,0,0,0
CAMPBELLTOWN,1,0,0,0,0,0,0,0
CAPE CLEAR,1,0,0,0,0,0,0,0
CARDIGAN,1,0,0,0,0,0,0,0
CARISBROOK,1,1,4,0,0,0,0,0
BOOKAAR,1,0,1,0,0,0,0,0
BOOLITE,1,0,0,0,0,0,0,0
REDESDALE,2,1,1,0,0,0,0,0
RED HILL,2,0,1,0,0,0,0,0
STRATH CREEK,1,0,1,0,0,0,0,0
OUTTRIM,1,0,0,0,0,0,0,0
OXLEY,1,0,0,0,0,0,0,0
MENZIES CREEK,3,0,1,0,0,0,0,6
MEREDITH,3,0,0,0,1,0,0,0
PATHO,1,0,2,0,0,0,0,0
PATTERSON LAKES,4,0,3,0,0,0,0,29
KEW EAST,5,1,4,0,0,0,0,37
KIALLA,2,1,4,0,0,0,0,0
KIALLA WEST,1,0,0,0,0,0,0,0
TANGAMBALANGA,3,1,0,0,1,0,0,0
KILMANY,1,0,1,0,0,0,0,0
KORWEINGUBOORA,1,0,0,0,0,0,0,0
LABERTOUCHE,1,0,0,0,0,0,0,0
LEICHARDT,1,0,0,0,0,0,0,0
LEITCHVILLE,2,0,1,0,0,0,0,0
LEONGATHA SOUTH,1,1,0,0,0,0,0,0
BUNBARTHA,1,0,0,0,0,0,0,0
BAILIESTON,1,0,0,0,0,0,0,0
SKYE,1,0,0,0,0,0,0,8
SORRENTO,3,2,14,0,1,0,0,47
WAHGUNYAH,2,2,0,0,0,0,0,0
SPRINGHURST,1,0,0,0,0,0,0,0
WATTLE GLEN,1,0,1,0,0,0,0,3
BACCHUS MARSH,5,1,1,2,1,0,0,0
HAZELWOOD NORTH,1,0,0,0,0,0,0,0
BANDIANA,1,1,2,0,0,0,0,0
WONYIP,1,0,1,0,0,0,0,0
BARMAH,1,0,1,0,0,0,0,0
GNARWARRE,2,0,1,0,0,0,0,0
BATESFORD,2,0,1,0,0,0,0,0
BARWON HEADS,2,0,4,0,1,0,0,0
BAXTER,3,0,4,0,0,0,0,11
BELGRAVE SOUTH,2,0,2,0,0,0,0,12
BELLARINE,2,0,0,0,0,0,0,0
CHELSEA HEIGHTS,3,1,0,0,0,0,0,41
CHRISTMAS HILLS,1,0,3,0,0,0,0,0
CHUM CREEK,1,0,0,0,0,0,0,2
CLARKEFIELD,1,0,0,0,0,0,0,0
CLOVERLEA,2,0,0,0,0,0,0,0
CLUB TERRACE,1,0,1,0,0,0,0,0
COALVILLE,1,0,0,0,0,0,0,0
COBAINS,1,0,1,0,0,0,0,0
PANTON HILL,1,0,9,1,0,0,0,0
PARK ORCHARDS,4,0,4,0,0,0,0,24
YARRAGON,4,1,1,0,1,0,0,0
SHEPPARTON EAST,1,0,0,0,0,0,0,0
BRIAR HILL,4,0,1,0,0,0,0,16
SILVAN,2,0,0,0,0,0,0,18
EDI,1,0,0,0,0,0,0,0
KINGLAKE,1,0,1,0,0,0,0,1
BUCHAN,1,0,2,0,1,0,0,0
BUFFALO,1,0,0,0,0,0,0,0
BULLARTO,1,0,0,0,0,0,0,0
BULLENGAROOK,1,0,0,0,0,0,0,0
BUNYIP,4,1,3,1,1,0,0,0
BURNLEY,1,0,3,0,0,0,0,5
BURRAMINE SOUTH,1,0,0,0,0,0,0,0
DOCKER,2,0,0,0,0,0,0,0
MERRIGUM,4,0,2,0,0,0,0,0
CABBAGE TREE CREEK,1,0,1,0,0,0,0,0
CALDERMEADE,1,0,0,0,0,0,0,0
CALIFORNIA GULLY,3,0,3,0,0,0,0,0
BUXTON,2,0,0,0,0,1,0,2
DRIFFIELD,1,0,1,0,0,0,0,0
DROUIN SOUTH,1,0,0,0,0,0,0,0
DROUIN WEST,1,0,1,0,0,0,0,0
TYERS,2,1,3,0,0,0,0,0
TYLDEN,1,0,0,0,0,0,0,0
UPPER PLENTY,1,0,0,0,0,0,0,0
SANDY CREEK,2,0,0,0,0,0,0,0
WALWA,2,0,0,0,1,0,0,0
WANDILIGONG,1,1,1,0,0,0,0,0
WANDIN EAST,1,0,0,0,0,0,0,0
WANDIN NORTH,4,0,0,0,0,0,0,15
DENISON,1,0,1,0,0,0,0,0
WANDONG,3,0,0,0,0,0,0,0
MODEWARRE,1,0,1,0,0,0,0,0
BUNGAREE,1,0,0,0,0,0,0,0
MOOLAP,2,1,4,0,0,1,0,0
MOONDARRA,1,0,0,0,0,0,0,0
MORIAC,3,0,1,0,0,0,0,0
DRUMMARTIN,1,0,1,0,0,0,0,0
WAAIA,2,0,0,0,0,0,0,0
BALLENDELLA,1,0,0,0,0,0,0,0
CAMPBELLFIELD,3,0,1,0,0,0,0,41
CARBOOR,1,0,0,0,0,0,0,0
CARLSRUHE,1,0,0,0,0,0,0,0
CARLTON NORTH,3,1,3,0,0,0,0,37
CARNEGIE,5,2,1,1,0,0,0,60
CARRAJUNG,1,0,1,0,0,0,0,0
KNOXFIELD,3,0,3,1,0,0,0,53
CERES,1,0,2,0,0,0,0,0
ELPHINSTONE,1,0,0,0,0,0,0,0
CHESHUNT,1,0,0,0,0,0,0,0
CHEWTON,1,0,0,0,0,0,0,0
EUMEMMERRING,2,0,4,0,0,0,0,7
EVERTON,1,0,0,0,0,0,0,0
TARRAWINGEE,2,0,0,0,0,0,0,0
CLIFTON CREEK,1,0,0,0,0,0,0,0
FERNY CREEK,1,0,0,0,0,0,0,12
SEAHOLME,2,0,9,0,0,0,0,6
SEASPRAY,1,1,2,0,0,0,0,0
SEAVIEW,1,0,1,0,0,0,0,0
SEBASTIAN,1,1,0,0,0,0,0,0
SHELBOURNE,1,0,0,0,0,0,0,0
TOONGABBIE,1,0,1,0,0,0,0,0
TOORA,2,1,3,0,1,0,0,0
TOORADIN,2,0,1,1,0,0,0,6
TOORLOO ARM,2,0,6,0,0,0,0,0
TRARALGON SOUTH,2,0,2,0,0,0,0,0
TRENTHAM,2,1,0,1,1,0,0,0
BUCKLEY,1,0,0,0,0,0,0,0
BUDGEREE,1,0,1,0,0,0,0,0
CAIRNLEA,3,0,6,2,0,0,0,15
DEVENISH,1,0,0,0,0,0,0,0
DIGGERS REST,2,0,9,0,0,0,0,13
PRAIRIE,1,0,0,0,0,0,0,0
DINGLEY VILLAGE,6,0,6,0,0,0,0,63
DOOKIE,2,0,1,0,1,0,0,0
TULLAMARINE,4,1,2,0,0,0,0,55
MICKLEHAM,2,0,3,0,0,0,0,33
EAST WARBURTON,1,0,1,0,0,5,0,10
MILLBROOK,2,0,0,0,0,0,0,0
MITIAMO,1,1,3,0,0,0,0,0
MITTA MITTA,2,0,1,0,1,0,0,0
ESKDALE,3,0,1,0,0,0,0,0
COSGROVE,1,0,1,0,0,0,0,0
MONT ALBERT,1,0,0,0,0,0,0,26
POOWONG NORTH,2,0,0,0,0,0,0,0
POREPUNKAH,1,1,5,0,0,0,0,0
MOOROODUC,3,0,4,0,0,0,0,0
ARDMONA,3,0,1,0,0,0,0,0
MOOROOPNA NORTH WEST,2,0,0,0,0,0,0,0
PUCKAPUNYAL,1,1,0,0,0,0,0,0
INDIGO VALLEY,1,0,0,0,0,0,0,0
RAVENSWOOD SOUTH,1,0,0,0,0,0,0,0
RAYWOOD,1,1,0,0,1,0,0,0
CARAG CARAG,1,0,0,0,0,0,0,0
ECHUCA VILLAGE,1,0,1,0,0,0,0,0
ECHUCA WEST,1,0,0,0,0,0,0,0
EDI UPPER,1,0,0,0,0,0,0,0
EDITHVALE,3,0,3,1,0,0,0,30
ELAINE,1,0,0,0,0,0,0,0
ELLINBANK,1,0,0,0,0,0,0,0
ENSAY,1,0,2,0,0,0,0,0
AXE CREEK,1,0,0,0,0,0,0,0
EPSOM,1,1,1,0,0,0,0,0
EXFORD,1,0,0,0,0,0,0,0
FALLS CREEK,1,0,0,1,0,0,0,0
INVERGORDON,1,0,1,0,0,0,0,0
INVERLEIGH,2,0,1,0,1,0,0,0
INVERLOCH,2,0,6,0,1,0,0,0
JACANA,2,0,1,0,0,0,0,17
TOOBORAC,1,0,1,0,0,0,0,0
TOOLANGI,1,0,5,0,0,0,0,0
TOOLERN VALE,1,0,1,0,0,0,0,0
TOOTGAROOK,2,0,5,1,0,0,0,31
TRAGOWEL,1,0,0,0,0,0,0,0
MEAD,1,0,0,0,0,0,0,0
MEERLIEU,1,0,1,0,0,0,0,0
DEDERANG,3,0,1,0,2,0,0,0
GOORAM,1,0,0,0,0,0,0,0
GRAHAMVALE,1,0,0,0,0,0,0,0
WY YUNG,3,0,2,0,0,0,0,0
GRETA,1,0,0,0,0,0,0,0
HANSONVILLE,1,0,0,0,0,0,0,0
GRETA WEST,1,0,0,0,0,0,0,0
GRUYERE,1,0,0,0,0,0,0,0
GUILDFORD,1,1,0,0,0,0,0,0
GUNBOWER,3,0,3,0,1,0,0,0
HALLSTON,1,0,0,0,0,0,0,0
HARKAWAY,1,0,3,0,0,0,0,0
AVENEL,3,0,0,0,0,0,0,0
KINGLAKE CENTRAL,1,0,0,0,0,0,0,13
PICOLA,1,1,4,0,0,2,0,0
POINT LONSDALE,1,1,5,0,0,0,0,0
POWELLTOWN,1,0,0,0,0,1,0,0
LANGSBOROUGH,1,0,1,0,0,0,0,0
SPOTSWOOD,3,0,6,0,0,0,0,15
QUARRY HILL,2,0,1,1,0,0,0,0
STACEYS BRIDGE,1,0,0,0,0,0,0,0
STANHOPE,3,0,1,0,1,0,0,0
STANLEY,1,0,0,0,0,0,0,0
PYALONG,2,0,0,0,1,0,0,0
STEELS CREEK,1,0,1,0,0,0,0,0
BRIMIN,1,0,0,0,0,0,0,0
DUMBALK NORTH,1,0,0,0,0,0,0,0
DUMBALK,2,0,1,0,0,0,0,0
HARRIETVILLE,1,0,3,0,0,0,0,0
HARSTON,1,0,0,0,0,0,0,0
HEDLEY,1,1,1,0,0,0,0,0
CAPEL SOUND,1,0,4,1,0,0,0,43
HEPBURN,2,0,2,0,0,0,0,0
HILL END,1,0,0,0,0,0,0,0
HODDLES CREEK,1,0,0,0,0,0,0,0
BEMM RIVER,1,0,6,0,0,0,0,0
BENAMBRA,2,0,3,0,1,0,0,0
NORTH BENDIGO,6,0,1,0,0,0,0,0
BETHANGA,1,1,0,0,0,0,0,0
NARBETHONG,1,0,1,0,0,1,0,2
BRIAGOLONG,2,1,4,0,1,0,0,0
MEADOW HEIGHTS,6,0,3,0,0,0,0,60
TOOLAMBA,3,0,1,0,0,0,0,0
TOOLAMBA WEST,1,0,0,0,0,0,0,0
MURROON,1,0,0,0,0,0,0,0
PIANGIL,1,0,0,0,1,0,0,0
PIMPINIO,1,0,1,0,0,0,0,0
ST ARNAUD EAST,1,0,0,0,0,0,0,0
LETHBRIDGE,1,0,0,0,0,0,0,0
LICOLA,1,1,2,0,0,0,0,0
BUNDALAGUAH,1,0,0,0,0,0,0,0
PORTLAND WEST,1,0,3,0,0,0,0,0
ATTWOOD,3,0,0,1,0,0,0,5
RUPANYUP,3,1,0,1,1,0,0,0
ST HELENS PLAINS,1,0,0,0,0,0,0,0
ST HELENS,1,0,0,0,0,0,0,0
STREATHAM,1,1,0,0,0,0,0,0
TOOLONG,1,0,0,0,0,0,0,0
IONA,1,0,0,0,0,0,0,0
PIPERS CREEK,1,0,0,0,0,0,0,0
PLENTY,1,0,3,0,0,0,0,12
HESKET,1,0,0,0,0,0,0,0
BARKERS CREEK,1,0,1,0,0,0,0,0
BARNAWARTHA,1,0,0,0,0,0,0,0
CARRAJUNG LOWER,1,0,1,0,0,0,0,0
CARRUM,2,0,0,1,0,0,0,29
COROP,1,0,1,0,0,0,0,0
GELANTIPY,1,0,0,1,0,0,0,0
FISH POINT,1,0,0,0,0,0,0,0
KORONG VALE,1,0,2,0,1,0,0,0
LAHARUM,2,0,3,0,0,1,0,0
COCKATOO,5,0,1,0,0,0,0,17
TAGGERTY,1,0,1,0,0,1,0,2
TALLANGATTA VALLEY,1,0,1,0,0,0,0,0
NANNEELLA,1,0,0,0,0,0,0,0
HERNE HILL,3,0,5,1,0,0,0,0
WOODEND,4,1,2,2,1,0,0,0
KOTUPNA,1,0,0,0,0,0,0,0
PHEASANT CREEK,3,0,0,0,0,0,0,8
NORTH BLACKWOOD,1,0,0,0,0,0,0,0
HARCOURT NORTH,1,0,0,0,0,0,0,0
CAVENDISH,2,0,0,0,1,0,0,0
STAUGHTON VALE,1,1,0,0,0,0,0,0
DENNINGTON,4,0,3,0,0,0,0,0
NORTH WONTHAGGI,3,0,1,0,0,0,0,0
KROWERA,1,0,0,0,0,0,0,0
KYVALLEY,1,0,1,0,0,0,0,0
BULLA,1,0,1,0,0,0,0,5
BULLIOH,1,0,0,0,0,0,0,0
MIDDLE TARWIN,1,1,0,0,0,0,0,0
MILAWA,1,0,0,0,0,0,0,0
LEOPOLD,4,0,18,0,0,0,0,0
MARCUS HILL,1,0,0,0,0,0,0,0
WESTMERE,1,0,1,0,0,0,0,0
CARAMUT,1,1,2,0,0,0,0,0
BRIM,1,1,1,0,0,0,0,0
CANIAMBO,1,0,0,0,0,0,0,0
EAGLE POINT,1,0,0,0,0,0,0,0
HAMPTON EAST,2,0,2,0,0,0,0,21
ROCKBANK,2,0,2,0,0,0,0,7
ROKEBY,1,0,0,0,0,0,0,0
LINDENOW,3,1,1,0,1,0,0,0
MUSK VALE,1,0,0,0,0,0,0,0
MUSK,1,0,0,0,0,0,0,0
MYRRHEE,1,0,0,0,0,0,0,0
GOORAMBAT,1,0,0,0,0,0,0,0
GOORNONG,1,0,0,0,1,0,0,0
GORDON,1,1,0,0,1,0,0,0
AINTREE,1,0,7,0,0,0,0,19
DOCKLANDS,3,4,7,1,1,0,0,45
EYNESBURY,1,0,4,0,0,0,0,0
MANDURANG SOUTH,1,0,0,0,0,0,0,0
CUDGEE,1,0,0,0,0,0,0,0
BYADUK,1,0,1,0,0,0,0,0
HADFIELD,5,0,5,0,0,0,0,44
BUNINYONG,2,1,3,0,1,0,0,0
HARCOURT,1,0,1,0,0,0,0,0
HEATHERTON,2,0,6,1,0,0,0,34
CARDINIA,1,0,0,0,0,0,0,0
LONDRIGAN,1,0,0,0,0,0,0,0
NUNGURNER,1,0,0,0,0,0,0,0
BERRYS CREEK,1,0,0,0,0,0,0,0
SAILORS GULLY,1,0,0,0,0,0,0,0
TUNGAMAH,3,0,1,0,1,0,0,0
METCALFE,1,0,0,0,0,0,0,0
METUNG,2,0,4,0,0,0,0,0
ST JAMES,1,0,0,0,1,0,0,0
THE PATCH,2,0,0,0,0,0,0,9
UNDERBOOL,2,1,1,0,1,0,0,0
WOORINEN,1,0,1,0,0,0,0,0
WOORINEN SOUTH,4,0,0,0,0,0,0,0
SNAKE VALLEY,2,0,0,0,0,0,0,0
ARDEER,2,0,3,0,0,0,0,14
ARTHURS CREEK,1,0,2,0,0,0,0,0
MURCHISON EAST,1,0,1,0,0,0,0,0
JUMBUNNA,1,0,0,0,0,0,0,0
DERRIMUT,3,0,6,0,0,0,0,24
LARDNER,2,0,0,0,0,0,0,0
BROKEN CREEK,1,0,0,0,0,0,0,0
LANCEFIELD,4,0,0,0,2,0,0,0
SEDGWICK,1,0,0,0,0,0,0,0
SELBY,2,0,2,0,0,0,0,10
TEMPLESTOWE,8,0,5,2,0,0,0,117
SEVILLE,2,0,0,0,0,0,0,9
PARKDALE,5,0,4,3,0,0,0,34
LONGWOOD,1,0,1,0,0,0,0,0
GARVOC,1,0,0,0,0,0,0,0
BOORCAN,1,0,1,0,0,0,0,0
JUNG,1,0,1,0,0,0,0,0
BALD HILLS,1,0,0,0,0,0,0,0
BERRINGA,1,0,0,0,0,0,0,0
BULLAROOK,1,0,0,0,0,0,0,0
BYLANDS,1,0,0,0,0,0,0,0
AXEDALE,1,0,0,0,1,0,0,0
ST LEONARDS,1,0,6,0,0,0,0,0
MAIDEN GULLY,2,0,0,0,0,0,0,0
TEMPY,1,1,0,0,0,0,0,0
TESBURY,2,0,0,0,0,0,0,0
YAAPEET,1,1,0,0,0,0,0,0
WARRAK,1,0,0,0,0,0,0,0
WARRENHEIP,1,0,0,0,0,0,0,0
WARRONG,1,0,0,0,0,0,0,0
WALKERVILLE SOUTH,1,0,0,0,0,0,0,0
WALLINGTON,1,0,3,0,0,0,0,0
COMBIENBAR,1,0,1,0,0,0,0,0
EILDON,2,1,2,1,1,0,0,1
ELMORE,3,1,1,1,0,0,0,0
ACHERON,2,0,0,0,0,0,0,2
ALBERTON,1,1,1,0,0,0,0,0
ALBERTON WEST,1,0,1,0,0,0,0,0
ALBION,3,0,5,2,0,0,0,23
BITTERN,2,0,8,0,0,0,0,8
BLACK ROCK,4,1,2,0,1,0,0,32
DOOEN,1,0,1,0,0,0,0,0
WANDELLA,1,0,0,0,0,0,0,0
DUNNSTOWN,2,0,1,0,0,0,0,0
GOLDEN POINT,2,0,1,0,0,0,0,0
GLENORCHY,1,0,1,0,0,0,0,0
GORAE,2,0,0,0,0,0,0,0
KOLORA,1,0,0,0,0,0,0,0
JANCOURT,2,0,0,0,0,0,0,0
JEPARIT,3,1,3,1,1,0,0,0
LEXTON,1,0,1,0,1,0,0,0
LINTON,1,1,2,0,1,0,0,0
LEARMONTH,1,0,5,0,1,0,0,0
COIMADAI,1,0,0,0,0,0,0,0
MELVILLE FOREST,1,0,0,0,0,0,0,0
MEPUNGA EAST,1,0,0,0,0,0,0,0
MERINGUR,1,1,0,0,0,0,0,0
MERINO,2,0,0,0,1,0,0,0
COOMOORA,1,0,0,0,0,0,0,0
STRATHALLAN,2,0,0,0,0,1,0,0
GLENTHOMPSON,1,1,3,0,0,0,0,0
GILLIESTON,1,0,0,0,0,0,0,0
GIRGARRE,2,0,1,0,0,0,0,0
GLADYSDALE,1,1,1,0,0,0,0,0
GLENLYON,1,0,1,0,0,0,0,0
GLENROWAN,2,0,0,0,1,0,0,0
GLENGARRY,2,0,0,0,0,0,0,0
GLENGARRY WEST,1,0,0,0,0,0,0,0
NAPOLEONS,1,0,0,0,0,0,0,0
NARRAWONG,1,0,1,0,0,0,0,0
NATTE YALLOCK,1,0,0,0,0,0,0,0
NAVARRE,1,0,2,0,0,0,0,0
NANDALY,1,0,0,0,0,0,0,0
NELSON,1,0,1,0,1,0,0,0
NEWBRIDGE,1,0,2,0,0,0,0,0
POMBORNEIT NORTH,1,0,0,0,0,0,0,0
POMBORNEIT,1,0,0,0,0,0,0,0
POMONAL,1,2,3,0,0,0,0,0
PORT FAIRY,3,1,11,3,1,0,0,0
NEWLYN,1,0,0,0,0,0,0,0
PURNIM,1,0,3,0,0,0,0,0
SOUTH PURRUMBETE,2,0,1,0,0,0,0,0
QUAMBATOOK,2,0,2,0,1,0,0,0
SHEEP HILLS,1,0,0,0,0,0,0,0
LAL LAL,1,0,0,0,0,0,0,0
SHELFORD,2,0,0,0,0,0,0,0
SIMPSON,2,1,3,0,0,0,0,0
SMEATON,1,0,0,0,0,0,0,0
TIMOR,1,0,0,0,0,0,0,0
NIRRANDA,1,0,0,0,0,0,0,0
WICKLIFFE,1,0,1,0,0,0,0,0
STRATHDOWNIE,2,0,1,0,0,0,0,0
WILKUR,1,0,0,0,0,0,0,0
WILLENABRINA,1,0,0,0,0,0,0,0
ALLAMBEE SOUTH,1,0,1,0,0,0,0,0
COLDSTREAM,2,0,0,0,0,0,0,20
CONGUPNA,1,0,1,0,0,0,0,0
MOUNT MERCER,1,0,1,0,0,0,0,0
KAWARREN,1,0,0,0,0,0,0,0
KENMARE,1,0,0,0,0,0,0,0
KEWELL,1,0,1,0,0,0,0,0
LUBECK,1,0,0,0,0,0,0,0
LYONS,1,0,2,0,0,0,0,0
MAILORS FLAT,1,1,0,0,0,0,0,0
FYANSFORD,1,0,0,0,0,0,0,0
KALKALLO,2,0,0,0,0,0,0,4
SHERBROOKE,1,0,3,0,0,0,0,8
GEMBROOK,2,0,6,0,0,0,0,18
RIPPLESIDE,1,3,4,0,0,0,0,0
GENOA,1,0,4,0,0,1,0,0
KEILOR PARK,2,0,2,0,0,0,0,13
KOETONG,1,1,0,0,0,0,0,0
KINGSTON,1,0,0,0,0,0,0,0
WHROO,1,0,1,0,0,0,0,0
LANGLEY,1,0,0,0,0,0,0,0
LAUNCHING PLACE,2,0,0,0,0,0,0,12
MITRE,1,0,0,0,0,0,0,0
NORMANVILLE,1,0,0,0,0,0,0,0
NULLAWARRE NORTH,1,0,0,0,0,0,0,0
NYAH,1,0,0,0,0,0,0,0
TOWAN,1,0,0,0,1,0,0,0
REDBANK,1,1,0,0,0,0,0,0
SPEED,1,1,0,0,1,0,0,0
TRESCO,1,0,0,0,0,0,0,0
TYNTYNDER,2,0,0,0,0,0,0,0
ULTIMA,1,1,0,0,0,0,0,0
WONWONDAH,1,0,1,0,0,0,0,0
WOODFORD,1,0,1,0,0,0,0,0
WINDERMERE,1,0,0,0,0,0,0,0
ROSS CREEK,2,0,0,0,0,0,0,0
SMYTHESDALE,2,1,1,0,1,0,0,0
ARCADIA,1,0,0,0,0,0,0,0
FISKVILLE,2,0,0,0,0,0,0,0
WEST FOOTSCRAY,6,1,8,0,1,0,0,52
FERNIHURST,1,0,0,0,0,0,0,0
FORREST,2,0,0,0,1,0,0,0
FRAMLINGHAM,1,0,1,0,0,0,0,0
HEXHAM,1,0,1,0,0,0,0,0
KIRKSTALL,1,0,0,0,0,0,0,0
PIGEON PONDS,1,0,0,0,0,0,0,0
KOORLONG,1,0,0,0,0,0,0,0
KOROIT,5,1,2,1,1,0,0,0
LAANECOORIE,1,1,1,0,0,0,0,0
JOHNSONVILLE,1,0,1,0,0,0,0,0
KALIMNA WEST,1,0,0,0,0,0,0,0
KATAMATITE,2,0,2,0,1,0,0,0
KATAMATITE EAST,1,0,0,0,0,0,0,0
KATUNGA,3,0,3,0,0,0,0,0
BOBINAWARRAH,1,0,0,0,0,0,0,0
BONEO,1,0,2,0,0,0,0,0
BONNIE DOON,1,0,6,0,0,0,0,0
BOOLARRA,2,1,2,0,1,0,0,0
GRAND RIDGE,1,0,0,0,0,0,0,0
BOORHAMAN,1,0,0,0,0,0,0,0
BOX HILL NORTH,7,0,3,1,0,0,0,58
BOWEYA,1,0,0,0,0,0,0,0
LAANG,1,0,1,0,0,0,0,0
BLACKBURN,9,2,7,0,0,0,0,77
BLOWHARD,1,0,0,0,0,0,0,0
MOUNT PLEASANT,2,0,0,0,0,0,0,0
KERGUNYAH,2,1,0,0,0,0,0,0
PATCHEWOLLOCK,2,1,1,0,0,0,0,0
WALPEUP,1,0,0,0,0,0,0,0
WANDO VALE,1,0,0,0,0,0,0,0
TALBOT,1,1,2,0,0,0,0,0
WOOMELANG,3,2,0,0,1,0,0,0
WOORINEN NORTH,2,0,0,0,0,0,0,0
WOORNDOO,1,1,0,0,0,0,0,0
MOYSTON,1,0,1,0,0,0,0,0
GRASS FLAT,1,0,0,0,0,0,0,0
WANGOOM,1,0,0,0,0,0,0,0
ASCOT VALE,10,1,6,2,0,0,0,70
PENSHURST,3,1,2,1,1,0,0,0
TATYOON,1,0,1,0,0,0,0,0
YANAC,1,0,0,0,0,0,0,0
YENDON,1,0,0,0,0,0,0,0
JAMIESON,1,0,1,0,1,0,0,0
JINDIVICK,1,0,1,0,0,0,0,0
DARTMOOR,1,0,2,0,1,0,0,0
DEAN,1,0,0,0,0,0,0,0
DEANS MARSH,1,0,1,0,0,0,0,0
GERANG GERUNG,1,0,0,0,0,0,0,0
GERANGAMETE,1,0,0,0,0,0,0,0
POOTILLA,1,0,0,0,0,0,0,0
YEODENE,1,0,1,0,0,0,0,0
INGLEWOOD,3,1,5,1,1,0,0,0
INVERMAY,1,0,0,0,0,0,0,0
IRREWILLIPE EAST,1,0,0,0,0,0,0,0
LAKE BOGA,2,1,1,0,1,0,0,0
BURRUMBEET,1,0,1,0,0,0,0,0
LAKE CHARM,1,0,2,0,0,0,0,0
LALBERT,1,0,2,0,0,0,0,0
LANDSBOROUGH WEST,1,0,0,0,0,0,0,0
LARPENT,1,0,0,0,0,0,0,0
BOISDALE,1,0,1,0,0,0,0,0
COSTERFIELD,1,1,0,0,0,0,0,0
COWWARR,1,0,0,0,0,0,0,0
COWES,4,1,4,0,1,0,0,0
CRIB POINT,2,0,7,0,0,0,0,15
DARGO,2,1,1,0,0,0,0,0
DARNUM,1,0,0,0,0,0,0,0
DARRAWEIT GUIM,1,0,0,0,0,0,0,0
DARTMOUTH,1,0,2,0,0,0,0,0
GRE GRE SOUTH,1,0,0,0,0,0,0,0
MAJORCA,1,0,1,0,0,0,0,0
MURRAYDALE,1,0,1,0,0,0,0,0
MUMBANNAR,1,0,2,0,0,0,0,0
HENTY,1,0,0,0,0,0,0,0
STRATHLEA,1,0,0,0,0,0,0,0
GLENBURN,1,0,1,0,0,0,0,0
WAUBRA,2,0,1,0,0,0,0,0
KNEBSWORTH,1,0,0,0,0,0,0,0
WEERITE,1,0,0,0,0,0,0,0
WOORAGEE,2,0,0,0,0,0,0,0
WOOREEN,1,0,0,0,0,0,0,0
WOORI YALLOCK,3,0,2,0,0,0,0,14
WHITFIELD,2,0,0,1,1,0,0,0
COOMBOONA,1,0,0,0,0,0,0,0
MOSSIFACE,1,0,0,0,0,0,0,0
TRAWALLA,1,0,1,0,0,0,0,0
WURRUK,1,0,2,0,0,0,0,0
YAN YEAN,1,0,0,0,0,0,0,12
WOOLSTHORPE,1,1,1,0,0,0,0,0
WILLAURA,2,1,2,1,1,0,0,0
WAREEK,1,0,0,0,0,0,0,0
PORTARLINGTON,2,1,8,0,1,0,0,0
WATCHEM,1,0,1,0,0,0,0,0
WATSONIA NORTH,2,0,1,0,0,0,0,22
DIXONS CREEK,1,0,0,0,0,0,0,0
BAYLES,1,0,0,0,0,0,0,0
BEECH FOREST,1,0,4,0,1,0,0,0
FLOWERDALE,1,0,0,0,0,0,0,0
EASTWOOD,2,0,1,0,0,0,0,0
LURG,1,0,0,0,0,0,0,0
LYSTERFIELD,1,0,1,0,0,0,0,15
NEWMERELLA,1,0,1,0,0,0,0,0
MAIDSTONE,4,0,11,1,1,0,0,36
NURRABIEL,1,0,0,0,0,0,0,0
NICHOLSON,1,0,4,0,0,0,0,0
NOWA NOWA,2,1,1,0,0,0,0,0
WILLOW GROVE,2,0,4,0,0,0,0,0
WILLOWMAVIN,1,0,0,0,0,0,0,0
BELLBRAE,1,0,1,0,0,0,0,0
CHELSEA,6,1,1,2,1,0,0,30
CHILDERS,1,0,0,0,0,0,0,0
MARONG,1,0,0,0,0,0,0,0
MARYSVILLE,1,0,10,0,1,1,0,3
DROUIN EAST,1,0,0,0,0,0,0,0
GORMANDALE,2,0,1,0,0,0,0,0
LONG GULLY,2,0,1,0,0,0,0,0
LYNBROOK,4,0,2,0,0,0,0,15
CORAGULAC,1,0,0,0,0,0,0,0
DUNDONNELL,1,0,1,0,0,0,0,0
GREAT WESTERN,1,4,0,0,0,0,0,0
NEWHAM,1,0,0,0,0,0,0,0
DELACOMBE,3,0,1,0,0,0,0,0
NILMA,1,0,0,0,0,0,0,0
NOOJEE,1,0,0,0,0,1,0,0
SARSFIELD,1,0,1,0,0,0,0,0
WHOROULY,3,1,0,0,0,0,0,0
WHITTINGTON,4,0,4,1,0,0,0,0
WHOROULY EAST,1,0,0,0,0,0,0,0
WARRENBAYNE,1,0,0,0,0,0,0,0
WILLUNG SOUTH,1,0,0,0,0,0,0,0
OLINDA,2,0,3,0,1,0,0,19
LANCASTER,1,0,1,0,0,0,0,0
MOYHU,2,0,0,1,1,0,0,0
NYAH WEST,2,0,0,0,1,0,0,0
SEABROOK,2,0,2,0,0,0,0,10
MEENIYAN,2,0,1,0,1,0,0,0
UNDERA,1,0,1,1,0,0,0,0
KILSYTH SOUTH,1,0,6,0,0,0,0,18
REDAN,2,0,1,0,0,0,0,0
EASTVILLE,1,0,0,0,0,0,0,0
ELINGAMITE NORTH,1,0,0,0,0,0,0,0
DEEP LEAD,1,0,0,0,0,0,0,0
RUFFY,1,0,2,0,0,0,0,0
RYE,3,2,10,0,1,0,0,73
TATURA EAST,1,0,0,0,0,0,0,0
TAWONGA,2,0,1,0,0,0,0,0
TAWONGA SOUTH,1,0,1,0,0,0,0,0
MOUNT LONARCH,1,0,0,0,0,0,0,0
BURNSIDE HEIGHTS,2,0,5,0,0,0,0,15
TALLYGAROOPNA,2,0,1,0,0,0,0,0
DEPTFORD,1,0,1,0,0,0,0,0
TAMBO UPPER,1,0,0,0,0,0,0,0
TAMINICK,1,1,0,0,0,0,0,0
TANJIL SOUTH,1,0,1,0,0,0,0,0
TARADALE,1,0,0,0,0,0,0,0
TARRAVILLE,1,0,1,0,0,0,0,0
TARWIN LOWER,2,0,3,0,0,0,0,0
LOCKINGTON,2,0,1,0,0,0,0,0
TERIP TERIP,1,0,0,0,0,0,0,0
MACCLESFIELD,1,0,0,0,0,0,0,0
MACORNA,1,0,0,0,0,0,0,0
BOGONG,1,0,0,0,0,0,0,0
BOLINDA,1,0,0,0,0,0,0,0
BONA VISTA,1,0,0,0,0,0,0,0
THORPDALE,3,1,0,0,0,0,0,0
MARKWOOD,1,0,0,0,0,0,0,0
APSLEY,1,0,0,0,1,0,0,0
BARWON DOWNS,1,0,0,0,0,0,0,0
LOCKWOOD SOUTH,1,0,0,0,0,0,0,0
LONGFORD,3,0,2,0,0,1,0,0
LONGLEA,1,0,2,0,0,0,0,0
LONGWARRY NORTH,1,0,2,0,0,0,0,0
LONGWARRY,3,1,1,0,0,0,0,0
JAN JUC,0,1,4,0,0,0,0,0
WINTER VALLEY,0,0,1,0,0,0,0,0
CANADIAN,0,0,2,0,0,0,0,0
RYTHDALE,0,0,1,0,0,0,0,0
MOLIAGUL,0,0,2,0,0,0,0,0
KOOYONG,0,0,5,0,0,0,0,7
MAIN RIDGE,0,0,2,0,0,0,0,0
BINGINWARRI,0,0,1,0,0,0,0,0
EAST MELBOURNE,2,1,17,1,1,0,0,32
EBDEN,0,0,2,0,0,0,0,0
IRREWILLIPE,0,0,1,0,0,0,0,0
MAMBOURIN,0,0,1,0,0,0,0,0
WILLIAMS LANDING,0,0,1,1,0,0,0,27
BRADVALE,0,0,1,0,0,0,0,0
TAHARA BRIDGE,0,0,1,0,0,0,0,0
BIRDWOODTON,0,0,2,0,0,0,0,0
PURA PURA,0,0,1,0,0,0,0,0
GOLDSBOROUGH,0,0,1,0,0,0,0,0
COBRICO,0,0,1,0,0,0,0,0
JANCOURT EAST,0,0,2,0,0,0,0,0
SCOTTS CREEK,0,0,1,0,0,0,0,0
PORT CAMPBELL,0,0,7,0,1,0,0,0
SKIBO,0,0,1,0,0,0,0,0
GUNDOWRING,0,0,1,0,0,0,0,0
RED HILL SOUTH,0,0,2,0,0,0,0,0
PORTSEA,0,1,17,0,0,0,0,13
TORRITA,0,0,1,0,0,0,0,0
TUERONG,0,0,3,0,0,0,0,0
CULLULLERAINE,0,0,1,0,0,0,0,0
WANDANA HEIGHTS,0,0,2,0,0,0,0,0
BREAKWATER,0,0,3,0,0,0,0,0
MUNRO,0,0,1,0,0,0,0,0
TREMONT,0,0,4,0,0,0,0,6
LAVERTON NORTH,0,0,3,0,0,0,0,43
BLAIRGOWRIE,0,0,16,0,0,0,0,27
KILLARA,0,0,3,0,0,0,0,0
EAGLEMONT,0,0,2,0,0,0,0,7
SOUTH GEELONG,1,0,7,0,0,0,0,0
HEATHMERE,0,0,2,0,0,0,0,0
NARINGAL EAST,0,0,1,0,0,0,0,0
BIG DESERT,0,0,1,0,0,0,0,0
FLINDERS,1,0,7,0,0,0,0,5
SAFETY BEACH,0,0,5,1,0,0,0,16
MERRICKS,0,0,3,0,0,0,0,0
MOUNT COTTRELL,0,0,4,0,0,0,0,0
CAPE OTWAY,0,0,3,0,0,0,0,0
TOWANINNY,0,0,1,0,0,0,0,0
EAST BAIRNSDALE,2,0,3,0,0,0,0,0
LAKE BUNGA,0,0,1,0,0,0,0,0
KALIMNA,0,0,2,0,0,0,0,0
RAYMOND ISLAND,0,1,1,0,0,0,0,0
LAKE TYERS BEACH,0,0,2,0,0,0,0,0
MOUNT RICHMOND,0,0,3,0,0,0,0,0
HOMERTON,0,0,2,0,0,0,0,0
TYRENDARRA,0,0,1,0,0,0,0,0
DIGBY,0,0,2,0,0,0,0,0
WOODVALE,0,0,1,0,0,0,0,0
MANGALORE,0,1,1,0,0,0,0,0
NYERIMILANG,0,0,3,0,0,0,0,0
WINGAN RIVER,0,1,3,0,0,0,0,0
CASTLE CREEK,0,0,1,0,0,0,0,0
CUDGEWA,0,1,1,0,0,0,0,0
CAMBARVILLE,0,0,1,0,0,0,0,0
WATTLE BANK,0,0,1,0,0,0,0,0
PORT ALBERT,0,2,9,0,0,0,0,0
TINTALDRA,0,1,4,0,0,0,0,0
BONNIE BROOK,0,0,1,0,0,0,0,0
BEENAK,0,0,1,0,0,0,0,0
FAIRY DELL,0,0,1,0,0,0,0,0
GENTLE ANNIE,0,0,1,0,0,4,0,0
WULGULMERANG EAST,0,0,2,0,0,0,0,0
MCLOUGHLINS BEACH,0,0,2,0,0,0,0,0
GONG GONG,0,0,1,0,0,0,0,0
INGLISTON,0,0,1,0,0,0,0,0
HOTSPUR,0,0,8,0,0,0,0,0
BAYINDEEN,0,2,1,0,0,0,0,0
YIELIMA,0,0,1,0,0,0,0,0
MONGANS BRIDGE,0,0,1,0,0,0,0,0
MOUNT BULLER,0,0,4,0,0,0,0,0
WHARPARILLA,0,0,4,0,0,0,0,0
BALNARRING BEACH,0,0,3,0,0,0,0,0
ZUMSTEINS,0,0,5,0,0,0,0,0
CATHCART,0,0,1,0,0,0,0,0
SUGGAN BUGGAN,0,0,1,0,0,0,0,0
BAW BAW,0,0,2,0,0,0,0,0
TEDDYWADDY,0,0,1,0,0,0,0,0
PERCYDALE,0,1,1,0,0,0,0,0
CHINKAPOOK,0,0,1,0,0,0,0,0
VENTNOR,0,1,12,0,0,0,0,0
BOCHARA,0,0,1,0,0,0,0,0
CONNEWARRE,0,0,5,0,0,0,0,0
BUSHFIELD,0,0,1,0,0,0,0,0
JOHANNA,0,0,2,0,0,0,0,0
CHUTE,0,0,2,0,0,0,0,0
BETLEY,0,0,1,0,0,0,0,0
COBBERAS,0,0,1,0,0,0,0,0
YARROWEYAH,0,0,1,0,0,0,0,0
RIVERSIDE,0,0,1,0,0,0,0,0
DRUNG,0,0,1,0,0,0,0,0
DURHAM OX,0,0,1,0,0,0,0,0
CALIVIL,0,0,1,0,0,0,0,0
YARRAWALLA,0,0,1,0,0,0,0,0
SERPENTINE,0,1,3,0,0,0,0,0
MURRINDINDI,0,0,4,0,0,0,0,0
GRAMPIANS,0,0,2,0,0,0,0,0
REEDY LAKE,0,0,1,0,0,0,0,0
WOODSIDE BEACH,0,0,2,0,0,0,0,0
KOONOOMOO,0,0,8,0,0,0,0,0
KARDELLA SOUTH,0,0,2,0,0,0,0,0
ROCKLANDS,0,0,1,0,0,0,0,0
CAPE SCHANCK,0,0,4,0,0,0,0,0
LINDSAY,0,0,1,0,0,0,0,0
BARRAPORT,0,0,1,0,0,0,0,0
HOTHAM HEIGHTS,2,0,1,0,0,0,0,0
INVERMAY PARK,0,0,2,0,0,0,0,0
GREENS CREEK,0,0,1,0,0,0,0,0
WALDARA,0,0,2,0,0,0,0,0
KILLINGWORTH,0,0,1,0,0,0,0,0
FUMINA SOUTH,0,0,1,0,0,0,0,0
MONTGOMERY,0,0,1,0,0,0,0,0
TRAFALGAR SOUTH,0,0,1,0,0,0,0,0
VENUS BAY,0,0,1,0,0,0,0,0
BAW BAW VILLAGE,0,0,1,0,1,0,0,0
CATHKIN,0,0,1,0,0,0,0,0
SUMMERLANDS,0,1,6,0,0,0,0,0
BRUMBY,0,0,2,0,0,0,0,0
BLACKWARRY,0,0,1,0,0,0,0,0
TURTONS CREEK,0,0,1,0,0,0,0,0
WALLACE,1,0,1,0,0,0,0,0
WALHALLA,0,0,2,0,0,0,0,0
MARYKNOLL,0,0,1,0,0,0,0,0
CRANBOURNE SOUTH,0,0,1,0,0,0,0,7
BAMAWM,0,0,1,0,0,0,0,0
CHILTERN VALLEY,0,0,1,0,0,0,0,0
FERNBANK,0,0,1,0,0,0,0,0
FERNSHAW,0,0,2,0,0,0,0,2
TOORONGO,1,0,2,0,0,0,0,0
IGUANA CREEK,0,0,2,0,0,0,0,0
EPPALOCK,0,0,4,0,0,0,0,0
EARLSTON,0,0,1,0,0,0,0,0
NORTH SHORE,0,3,2,0,0,0,0,0
RANCEBY,0,0,1,0,0,0,0,0
PINE LODGE,0,0,1,0,0,0,0,0
CAPE WOOLAMAI,0,1,3,0,0,0,0,0
SOUTH KINGSVILLE,2,0,1,0,0,0,0,19
LAKE EILDON,0,0,15,0,0,0,0,0
TRENTHAM EAST,0,0,1,0,0,0,0,0
BONANG,0,0,1,0,0,0,0,0
TONGIO,0,0,1,0,0,0,0,0
COBRAM EAST,0,0,4,0,0,0,0,0
SMITHS GULLY,0,0,2,0,0,0,0,0
DEDDICK VALLEY,0,0,2,0,0,0,0,0
KILCUNDA,0,0,3,0,0,0,0,0
BURNEWANG,0,0,1,0,0,0,0,0
LIMESTONE,0,0,1,0,0,0,0,0
SEDDON,0,0,1,0,0,0,0,19
HARMERS HAVEN,0,0,3,0,0,0,0,0
CAPE CONRAN,0,0,4,0,0,0,0,0
KAMAROOKA,0,0,2,0,0,0,0,0
BEREMBOKE,0,0,1,0,0,0,0,0
MARYVALE,0,1,1,0,0,1,0,0
MOUNT CAMEL,0,0,1,0,0,0,0,0
SHADY CREEK,0,0,1,0,0,0,0,0
BLACKWOOD,1,1,1,0,0,0,0,0
MILLTOWN,0,0,1,0,0,0,0,0
MOYARRA,0,0,17,0,0,0,0,0
COTTLES BRIDGE,1,1,1,0,0,0,0,0
STUART MILL,0,0,1,0,0,0,0,0
SERVICETON,0,0,2,0,0,0,0,0
COBBLEBANK,0,0,3,0,0,0,0,3
WEIR VIEWS,0,0,3,0,0,0,0,0
WONNANGATTA,0,0,1,0,0,0,0,0
CHANDLERS CREEK,0,0,1,0,0,0,0,0
KALLISTA,1,0,1,0,0,0,0,5
ARCHERTON,1,0,1,0,0,0,0,0
BRENANAH,0,0,1,0,0,0,0,0
CURLEWIS,0,0,1,0,0,0,0,0
PRINCETOWN,0,1,3,0,0,0,0,0
GLENALADALE,0,0,1,0,0,0,0,0
BRODRIBB RIVER,0,0,1,0,0,0,0,0
PINE GROVE,0,0,1,0,0,0,0,0
TRAFALGAR EAST,0,0,1,0,0,0,0,0
EAGLEHAWK NORTH,0,0,1,0,0,0,0,0
CHESHUNT SOUTH,0,0,2,0,0,0,0,0
MOORILIM,0,0,1,0,0,0,0,0
COBBANNAH,0,0,1,0,0,0,0,0
HUMEVALE,0,0,1,0,0,0,0,12
GLEN HUNTLY,2,0,1,0,1,0,0,7
AIRE VALLEY,0,0,1,0,0,0,0,0
BOLTON,0,0,1,0,0,0,0,0
LOGAN,0,0,1,0,0,0,0,0
KINGOWER,0,0,1,0,0,0,0,0
ARNOLD WEST,0,0,1,0,0,0,0,0
WOODSTOCK ON LODDON,0,0,1,0,0,0,0,0
BRIDGEWATER,0,0,1,0,0,0,0,0
MAINDAMPLE,0,0,1,0,0,0,0,0
MOUNT COLE,0,0,2,0,0,0,0,0
ST ALBANS PARK,1,0,7,0,0,0,0,0
MARSHALL,0,0,2,0,0,0,0,0
KANAGULK,0,0,1,0,0,0,0,0
CLONBINANE,1,0,1,0,0,0,0,0
GHIN GHIN,0,0,1,0,0,0,0,0
CAPE PATERSON,0,0,7,0,0,0,0,0
JEERALANG JUNCTION,0,0,2,0,0,0,0,0
MERRICKS BEACH,0,0,1,0,0,0,0,0
DOBIE,0,0,1,0,0,0,0,0
DRUMBORG,0,1,1,0,0,0,0,0
ONDIT,0,0,1,0,0,0,0,0
COOMA,0,0,1,0,0,0,0,0
DEVILS RIVER,0,0,7,0,0,0,0,0
CORONET BAY,0,0,1,0,0,0,0,0
GOBUR,0,1,1,0,0,0,0,0
NARRAPORT,0,0,1,0,0,0,0,0
TOOLONDO,0,0,1,0,0,0,0,0
TUROAR,0,0,1,0,0,0,0,0
STAGHORN FLAT,0,0,1,0,0,0,0,0
NELSE,0,0,2,0,0,0,0,0
BILLABONG,0,0,1,0,0,0,0,0
WONGARRA,0,0,3,0,0,0,0,0
MYSTIC PARK,0,0,1,0,0,0,0,0
KIATA,0,0,1,0,0,0,0,0
CORNDALE,0,0,1,0,0,0,0,0
GLENLOGIE,0,0,1,0,0,0,0,0
EUREKA,0,0,2,0,0,0,0,0
KALORAMA,0,0,2,0,0,0,0,16
MELBOURNE AIRPORT,1,2,1,0,0,0,0,11
NORTH GEELONG,0,4,5,0,0,0,0,0
YANAKIE,0,0,3,0,0,0,0,0
WANGANDARY,0,0,1,0,0,0,0,0
MININERA,0,0,1,0,0,0,0,0
RHYMNEY,0,0,1,0,0,0,0,0
RICH AVON,0,0,1,0,0,0,0,0
MOORALLA,0,0,1,0,0,0,0,0
WARTOOK,0,0,1,0,0,0,0,0
ULLINA,0,0,1,0,0,0,0,0
GELLIBRAND,0,0,1,0,0,0,0,0
WAIL,0,0,1,0,0,0,0,0
COORIEMUNGLE,0,0,1,0,0,0,1,0
POWERS CREEK,0,0,1,0,0,0,0,0
GOONGERAH,0,0,1,0,0,0,0,0
STRATHMORE HEIGHTS,0,0,1,0,0,0,0,10
BREAMLEA,0,0,3,0,0,0,0,0
KORIELLA,0,0,1,0,0,0,0,0
BORUNG,0,0,2,0,0,0,0,0
GLENALBYN,0,0,1,0,0,0,0,0
SKINNERS FLAT,0,0,1,0,0,0,0,0
GLENAIRE,0,0,4,0,0,0,0,0
DAISY HILL,0,0,1,0,0,0,0,0
DERGHOLM,0,0,1,0,0,0,0,0
ROSES GAP,0,0,1,0,0,0,0,0
FYANS CREEK,0,0,1,0,0,0,0,0
WOOSANG,0,0,1,0,0,0,0,0
PETERBOROUGH,0,0,6,0,1,0,0,0
BREAKAWAY CREEK,0,0,1,0,0,0,0,0
MARLBED,0,0,1,0,0,0,0,0
DINGWALL,0,0,1,0,0,0,0,0
LACEBY,0,0,1,0,0,0,0,0
CREIGHTONS CREEK,0,0,1,0,0,0,0,0
SWANWATER WEST,0,0,1,0,0,0,0,0
BURKES BRIDGE,0,0,1,0,0,0,0,0
BARRAPORT WEST,0,0,1,0,0,0,0,0
MARNOO EAST,0,0,1,0,0,0,0,0
MURPHYS CREEK,0,0,1,0,0,0,0,0
HATTAH,0,0,1,0,0,0,0,0
TELANGATUK EAST,0,0,1,0,0,0,0,0
GOLDEN BEACH,0,0,2,0,0,0,0,0
MERRIMU,0,0,2,0,0,0,0,0
WAIREWA,0,0,1,0,0,0,0,0
STRADBROKE,0,0,1,0,0,0,0,0
THORNHILL PARK,0,0,1,0,0,0,0,0
WYUNA,0,0,1,0,0,0,0,0
POINT LEO,0,0,3,0,0,0,0,2
NEWLANDS ARM,0,0,2,0,0,0,0,0
NANGEELA,0,0,1,0,0,0,0,0
CLIFTON SPRINGS,2,0,9,0,0,0,0,0
MERRICKS NORTH,0,0,1,0,0,0,0,0
WHIPSTICK,0,0,1,0,0,0,0,0
BELLS BEACH,0,0,3,0,0,0,0,0
CORNISHTOWN,0,0,1,0,0,0,0,0
BASS,1,1,1,0,1,0,0,0
WAITCHIE,0,0,1,0,0,0,0,0
WALLACEDALE,0,0,1,0,0,0,0,0
WANDOWN,0,0,1,0,0,0,0,0
WANGIE,0,0,1,0,0,0,0,0
GATEWAY ISLAND,0,0,1,0,0,0,0,0
SAILORS FALLS,0,0,1,0,0,0,0,0
NUG NUG,0,0,1,0,0,0,0,0
SHOREHAM,0,0,3,0,0,0,0,4
WANNON,0,0,1,0,0,0,0,0
MIRRANATWA,0,0,1,0,0,0,0,0
BAMBRA,0,0,2,0,0,0,0,0
WATSONS CREEK,0,0,1,0,0,0,0,0
NUTFIELD,0,0,1,0,0,0,0,0
NAVIGATORS,0,0,1,0,0,0,0,0
BINDI,0,0,1,0,0,0,0,0
TARRA VALLEY,0,0,1,0,0,0,0,0
MCCRAE,1,0,1,0,0,0,0,30
ENFIELD,0,0,2,0,0,0,0,0
WEATHERBOARD,0,0,1,0,0,0,0,0
KEVINGTON,0,0,1,0,0,0,0,0
LONG FOREST,0,0,1,0,0,0,0,0
ERICA,1,0,0,0,1,1,0,0
SANDY POINT,1,0,1,0,0,0,0,0
MUCKLEFORD,2,0,0,0,0,0,0,0
HUNTINGDALE,1,0,0,0,0,0,0,6
MOORABBIN AIRPORT,1,1,0,0,0,0,0,5
CREMORNE,1,0,1,2,1,0,0,10
HMAS CERBERUS,1,0,1,1,0,0,0,3
MURRABIT WEST,1,0,0,0,0,0,0,0
BELLBRIDGE,1,0,0,0,0,0,0,0
ST KILDA WEST,1,0,0,0,0,0,0,9
NORTH WARRANDYTE,1,0,0,1,0,0,0,22
PURNIM WEST,1,0,0,0,0,0,0,0
HADDON,1,0,0,0,0,0,0,0
LAKE GARDENS,3,0,1,0,0,0,0,0
AVONSLEIGH,1,0,0,0,0,0,0,0
EAST SALE,1,1,0,1,0,0,0,0
CORUNNUN,1,0,0,0,0,0,0,0
EAST BENDIGO,1,1,0,0,0,0,0,0
MCKINNON,1,0,0,0,0,0,0,22
CHATSWORTH,1,0,0,0,0,0,0,0
KINGSVILLE,1,0,0,0,0,0,0,11
TOWONG,0,1,0,0,0,0,0,0
EUROBIN,0,2,1,0,0,0,0,0
HUON,0,1,0,0,0,0,0,0
PORT WELSHPOOL,0,3,0,0,0,0,0,0
COWANGIE,0,1,0,0,0,0,0,0
ELDORADO,0,1,0,0,0,0,0,0
ALLANS FLAT,0,1,0,0,0,0,0,0
HEPBURN SPRINGS,0,1,0,0,0,0,0,0
BERRINGAMA,0,1,0,0,0,0,0,0
LASCELLES,0,1,0,0,0,0,0,0
TARRANYURK,0,1,0,0,0,0,0,0
SWAN HILL WEST,1,0,1,0,0,0,0,0
NEILBOROUGH,1,0,0,0,0,0,0,0
COLAC EAST,1,0,0,0,0,0,0,0
NARING,1,0,0,1,0,0,0,0
LOWER NORTON,1,0,0,0,0,0,0,0
STRATHDALE,0,0,0,1,0,0,0,0
SOUTH WHARF,0,0,0,1,0,0,0,1
ESSENDON FIELDS,0,1,0,1,0,0,0,2
OCEAN GRANGE,0,1,1,0,0,0,0,0
WOOD WOOD,0,1,0,0,0,0,0,0
SNAKE ISLAND,0,5,3,0,0,0,0,0
SWAN BAY,0,1,1,0,0,0,0,0
BOOLE POOLE,0,1,6,0,0,0,0,0
SANDHILL LAKE,0,0,1,0,0,0,0,0
BALLANGEICH,0,0,1,0,0,0,0,0
WAL WAL,0,0,1,0,0,0,0,0
PEECHELBA,0,0,1,0,0,0,0,0
LAKE MARMAL,0,0,1,0,0,0,0,0
MYSIA,0,0,1,0,0,0,0,0
WATERLOO,0,0,1,0,0,0,0,0
YALCA,0,0,1,0,0,0,0,0
GRITJURK,0,0,0,0,1,0,0,0
SANDFORD,0,0,1,0,0,0,0,0
LUCYVALE,0,0,1,0,0,0,0,0
LOCH VALLEY,0,0,1,0,0,0,0,0
GLENISLA,0,0,1,0,0,0,0,0
BUCKLAND,0,0,3,0,0,0,0,0
MERRIANG SOUTH,0,0,1,0,0,0,0,0
BUFFALO RIVER,0,0,1,0,0,0,0,0
GRENVILLE,0,0,1,0,0,0,0,0
MOUNT DRYDEN,0,0,1,0,0,0,0,0
MOORMBOOL WEST,0,1,0,0,0,0,0,0
NORONG,0,1,0,0,0,0,0,0
TAMBOON,0,0,1,0,0,1,0,0
GOLDIE,0,0,0,0,0,1,0,0
NARIEL VALLEY,0,0,0,0,0,2,0,0
POINT WILSON,0,1,0,0,0,1,0,0
DUTSON DOWNS,0,0,0,0,0,1,0,0
FOSTERVILLE,0,0,0,0,0,1,0,0
FLYNNS CREEK,0,0,0,0,0,1,0,0
DELBURN,0,0,0,0,0,1,0,0
RIVERSLEA,0,0,0,0,0,1,0,0
VINIFERA,0,1,0,0,0,0,0,0
LAURISTON,0,1,0,0,0,0,0,0
GRAYTOWN,0,2,0,0,0,0,0,0
LAMPLOUGH,0,1,0,0,0,0,0,0
TOWER HILL,0,0,1,0,0,0,0,0
GELLIBRAND LOWER,0,0,5,0,0,0,0,0
WILSONS PROMONTORY,0,0,32,0,0,0,0,0
SILVERLEAVES,0,0,1,0,0,0,0,0
TAYLOR BAY,0,1,2,0,0,0,0,0
COONGULLA,0,0,4,0,0,0,0,0
GOUGHS BAY,0,0,1,0,0,0,0,0
GLENMAGGIE,0,0,2,0,0,0,0,0
BEARII,0,0,1,0,0,1,0,0
LAKE EPPALOCK,0,0,8,0,0,0,0,0
LAKE WELLINGTON,0,1,4,0,0,0,0,0
INDENTED HEAD,0,0,2,0,0,0,0,0
BANKSIA PENINSULA,0,0,2,0,0,0,0,0
DERRINAL,0,0,3,0,0,0,0,0
CHURCHILL ISLAND,0,0,1,0,0,0,0,0
THE COVE,0,0,4,0,0,0,0,0
HOWES CREEK,0,0,1,0,0,0,0,0
SUNDERLAND BAY,0,0,1,0,0,0,0,0
SWAN ISLAND,0,0,1,0,0,0,0,0
HOLLANDS LANDING,0,0,3,0,0,0,0,0
WARNEET,0,0,1,0,0,0,0,7
PERRY BRIDGE,0,0,1,0,0,0,0,0
FORGE CREEK,0,0,3,0,0,0,0,0
DUTSON,0,0,1,0,0,0,0,0
MOUNTAIN BAY,0,0,1,0,0,0,0,0
WELSHMANS REEF,0,0,1,0,0,0,0,0
CAPE BRIDGEWATER,0,0,3,0,0,0,0,0
YUULONG,0,0,4,0,0,0,0,0
YAMBUK,0,0,1,0,0,0,0,0
GOON NURE,0,0,1,0,0,0,0,0
WATTLE HILL,0,0,1,0,0,0,0,0
BROADLANDS,0,0,1,0,0,0,0,0
TIDAL RIVER,0,0,2,0,0,0,0,0
DRUMCONDRA,0,1,2,0,0,0,0,0
AVALON,0,2,0,0,0,0,0,0
BOOLARRA SOUTH,0,0,0,0,0,0,1,0
LANGI KAL KAL,0,0,0,0,0,0,1,0
GIPSY POINT,0,1,0,0,0,0,0,0
PARWAN,0,1,0,0,0,0,0,0
FULHAM,0,1,0,0,0,0,0,0
HENSLEY PARK,0,1,0,0,0,0,0,0
KELLALAC,0,1,0,0,0,0,0,0
YARPTURK,0,1,0,0,0,0,0,0
ADA,0,0,0,0,0,10,0,0
TANJIL,0,0,0,0,0,4,0,0
CARINGAL,0,0,0,0,0,8,0,0
REEDY CREEK,0,0,0,0,0,1,0,0
MCMAHONS CREEK,0,0,0,0,0,1,0,0
BROOKVILLE,0,0,0,0,0,1,0,0
GLOMAR BEACH,0,0,3,0,0,0,0,0
PETTICOAT CREEK,0,0,1,0,0,0,0,0
KILLARNEY,0,0,1,0,0,0,0,0
DARRIMAN,0,0,1,0,0,0,0,0
ST ANDREWS BEACH,0,0,1,0,0,0,0,5
SMITHS BEACH,0,0,1,0,0,0,0,0
BURRAMINE,0,0,13,0,0,0,0,0
CATUMNAL,0,0,10,0,0,0,0,0
ROBERTSONS BEACH,0,0,1,0,0,0,0,0
ULUPNA,0,0,4,0,0,0,0,0
BOOMAHNOOMOONAH,0,0,2,0,0,0,0,0
BAROOGA,0,0,4,0,0,0,0,0
BOOSEY,0,0,1,0,0,0,0,0
JAM JERRUP,0,0,1,0,0,0,0,0
HORDERN VALE,0,0,2,0,0,0,0,0
WALLAGARAUGH,0,0,1,0,0,0,0,0
RIPPONLEA,0,0,0,0,0,0,0,11
WATERWAYS,0,0,0,0,0,0,0,5
BELGRAVE HEIGHTS,0,0,0,0,0,0,0,9
CLEMATIS,0,0,0,0,0,0,0,4
TOTTENHAM,0,0,0,0,0,0,0,1
DANDENONG SOUTH,0,0,0,0,0,0,0,89
SOMERTON,0,0,0,0,0,0,0,11
GARDENVALE,0,0,0,0,0,0,0,9
SANDHURST,0,0,0,0,0,0,0,8
RAVENHALL,0,0,0,0,0,0,0,6
KEILOR NORTH,0,0,0,0,0,0,0,1
CANNONS CREEK,0,0,0,0,0,0,0,4
KINGLAKE WEST,0,0,0,0,0,0,0,2
SEVILLE EAST,0,0,0,0,0,0,0,2
GRANGEFIELDS,0,0,0,0,0,0,0,1
PAKENHAM UPPER,0,0,0,0,0,0,0,8
TARRAWARRA,0,0,0,0,0,0,0,2
BLIND BIGHT,0,0,0,0,0,0,0,11
JUNCTION VILLAGE,0,0,0,0,0,0,0,3
GOWANBRAE,0,0,0,0,0,0,0,16
WARRANDYTE SOUTH,0,0,0,0,0,0,0,4
